Workbook

Sheet Справочник ИХ
A1: Код позиции | B1: Подгруппа груза | C1: Группа груза | D1: Класс
A2: 011 | B2: ПШЕНИЦА | C2: Хлебные грузы | D2: =VLOOKUP(A2,[1]Грузы!B:F,5,0) -> 2
A3: 012 | B3: РОЖЬ | C3: Хлебные грузы | D3: =VLOOKUP(A3,[1]Грузы!B:F,5,0) -> 2
A4: 013 | B4: ОВЕС | C4: Хлебные грузы | D4: =VLOOKUP(A4,[1]Грузы!B:F,5,0) -> 2
A5: 014 | B5: ЯЧМЕНЬ | C5: Хлебные грузы | D5: =VLOOKUP(A5,[1]Грузы!B:F,5,0) -> 2
A6: 015 | B6: ЗЕРНО КУКУРУЗЫ | C6: Хлебные грузы | D6: =VLOOKUP(A6,[1]Грузы!B:F,5,0) -> 2
A7: 016 | B7: ПОЧАТКИ КУКУРУЗЫ | C7: Хлебные грузы | D7: =VLOOKUP(A7,[1]Грузы!B:F,5,0) -> 2
A8: 017 | B8: РИС | C8: Хлебные грузы | D8: =VLOOKUP(A8,[1]Грузы!B:F,5,0) -> 2
A9: 018 | B9: ПРОЧИЕ ЗЕРНОВЫЕ | C9: Хлебные грузы | D9: =VLOOKUP(A9,[1]Грузы!B:F,5,0) -> 2
A10: 021 | B10: СЕМЕНА ТЕХНИЧЕСКИХ КУЛЬТУ | C10: Хлебные грузы | D10: =VLOOKUP(A10,[1]Грузы!B:F,5,0) -> 2
A11: 022 | B11: СЕМЕНА ХЛОПЧАТНИКА | C11: Остальные грузы | D11: =VLOOKUP(A11,[1]Грузы!B:F,5,0) -> 2
A12: 023 | B12: СЕМЕНА СВЕКЛЫ САХАРНОЙ | C12: Остальные грузы | D12: =VLOOKUP(A12,[1]Грузы!B:F,5,0) -> 2
A13: 024 | B13: СЕМЕНА ПРОЧИЕ | C13: Хлебные грузы | D13: =VLOOKUP(A13,[1]Грузы!B:F,5,0) -> 2
... A272: 758 | B272: ОТХОДЫ ХИМИЧЕСКОГО ПРОИЗВ | C272: Остальные грузы | D272: =VLOOKUP(A272,[1]Грузы!B:F,5,0) -> 3

Sheet ЕТСНГ
A1: КОДГРУЗА | B1: КОД позиции | C1: НАИМЕНОВАНИЕ | D1: Группа груза | E1: Класс | F1: Раздел ЕТСНГ | G1: Раздел ЕТСНГ корр
C2: Раздел 1. Продукция сельского хозяйства | E2: х
A3: 01000 | B3: =LEFT(A3,3) -> 010 | C3: Зерновые и зернобобовые культуры | D3: =IF(RIGHT(A3,3)="000",C3,VLOOKUP(B3,'Справочник ИХ'!A:C,3,0)) -> Зерновые и зернобобовые культуры | E3: =IF(RIGHT(A3,3)="000","х",VLOOKUP(B3,'Справочник ИХ'!A:D,4,0)) -> х | F3: Зерновые и зернобобовые культуры
A4: 01100 | B4: =LEFT(A4,3) -> 011 | C4: Пшеница | D4: =IF(RIGHT(A4,3)="000",C4,VLOOKUP(B4,'Справочник ИХ'!A:C,3,0)) -> Хлебные грузы | E4: =IF(RIGHT(A4,3)="000","х",VLOOKUP(B4,'Справочник ИХ'!A:D,4,0)) -> 2 | F4: Зерновые и зернобобовые культуры
A5: 01200 | B5: =LEFT(A5,3) -> 012 | C5: Рожь | D5: =IF(RIGHT(A5,3)="000",C5,VLOOKUP(B5,'Справочник ИХ'!A:C,3,0)) -> Хлебные грузы | E5: =IF(RIGHT(A5,3)="000","х",VLOOKUP(B5,'Справочник ИХ'!A:D,4,0)) -> 2 | F5: Зерновые и зернобобовые культуры
A6: 01300 | B6: =LEFT(A6,3) -> 013 | C6: Овес | D6: =IF(RIGHT(A6,3)="000",C6,VLOOKUP(B6,'Справочник ИХ'!A:C,3,0)) -> Хлебные грузы | E6: =IF(RIGHT(A6,3)="000","х",VLOOKUP(B6,'Справочник ИХ'!A:D,4,0)) -> 2 | F6: Зерновые и зернобобовые культуры
A7: 01400 | B7: =LEFT(A7,3) -> 014 | C7: Ячмень | D7: =IF(RIGHT(A7,3)="000",C7,VLOOKUP(B7,'Справочник ИХ'!A:C,3,0)) -> Хлебные грузы | E7: =IF(RIGHT(A7,3)="000","х",VLOOKUP(B7,'Справочник ИХ'!A:D,4,0)) -> 2 | F7: Зерновые и зернобобовые культуры
A8: 01500 | B8: =LEFT(A8,3) -> 015 | C8: Зерно кукурузы | D8: =IF(RIGHT(A8,3)="000",C8,VLOOKUP(B8,'Справочник ИХ'!A:C,3,0)) -> Хлебные грузы | E8: =IF(RIGHT(A8,3)="000","х",VLOOKUP(B8,'Справочник ИХ'!A:D,4,0)) -> 2 | F8: Зерновые и зернобобовые культуры
A9: 01600 | B9: =LEFT(A9,3) -> 016 | C9: Початки кукурузы | D9: =IF(RIGHT(A9,3)="000",C9,VLOOKUP(B9,'Справочник ИХ'!A:C,3,0)) -> Хлебные грузы | E9: =IF(RIGHT(A9,3)="000","х",VLOOKUP(B9,'Справочник ИХ'!A:D,4,0)) -> 2 | F9: Зерновые и зернобобовые культуры
A10: 01700 | B10: =LEFT(A10,3) -> 017 | C10: Рис | D10: =IF(RIGHT(A10,3)="000",C10,VLOOKUP(B10,'Справочник ИХ'!A:C,3,0)) -> Хлебные грузы | E10: =IF(RIGHT(A10,3)="000","х",VLOOKUP(B10,'Справочник ИХ'!A:D,4,0)) -> 2 | F10: Зерновые и зернобобовые культуры
A11: 01701 | B11: =LEFT(A11,3) -> 017 | C11: Рис нешелушеный (рис сырец) | D11: =IF(RIGHT(A11,3)="000",C11,VLOOKUP(B11,'Справочник ИХ'!A:C,3,0)) -> Хлебные грузы | E11: =IF(RIGHT(A11,3)="000","х",VLOOKUP(B11,'Справочник ИХ'!A:D,4,0)) -> 2 | F11: Зерновые и зернобобовые культуры
A12: 01702 | B12: =LEFT(A12,3) -> 017 | C12: Рис шелушеный (неполированый рис) | D12: =IF(RIGHT(A12,3)="000",C12,VLOOKUP(B12,'Справочник ИХ'!A:C,3,0)) -> Хлебные грузы | E12: =IF(RIGHT(A12,3)="000","х",VLOOKUP(B12,'Справочник ИХ'!A:D,4,0)) -> 2 | F12: Зерновые и зернобобовые культуры
A13: 01703 | B13: =LEFT(A13,3) -> 017 | C13: Рис прочий | D13: =IF(RIGHT(A13,3)="000",C13,VLOOKUP(B13,'Справочник ИХ'!A:C,3,0)) -> Хлебные грузы | E13: =IF(RIGHT(A13,3)="000","х",VLOOKUP(B13,'Справочник ИХ'!A:D,4,0)) -> 2 | F13: Зерновые и зернобобовые культуры
A14: 01800 | B14: =LEFT(A14,3) -> 018 | C14: Прочие зерновые | D14: =IF(RIGHT(A14,3)="000",C14,VLOOKUP(B14,'Справочник ИХ'!A:C,3,0)) -> Хлебные грузы | E14: =IF(RIGHT(A14,3)="000","х",VLOOKUP(B14,'Справочник ИХ'!A:D,4,0)) -> 2 | F14: Зерновые и зернобобовые культуры
... A305: 07806 | B305: =LEFT(A305,3) -> 078 | C305: Удобрения органические, не поименованные в алфавите | D305: =IF(RIGHT(A305,3)="000",C305,VLOOKUP(B305,'Справочник ИХ'!A:C,3,0)) -> Остальные грузы | E305: =IF(RIGHT(A305,3)="000","х",VLOOKUP(B305,'Справочник ИХ'!A:D,4,0)) -> 2 | F305: Прочая продукция сельского хозяйства
B306: =LEFT(A306,3) | C306: Раздел 2. Продукция лесной, деревообрабатывающей и целлюлозно-бумажной промышленности | D306: =C306 -> Раздел 2. Продукция лесной, деревообрабатывающей и целлюлозно-бумажной промышленности | E306: х | F306: Прочая продукция сельского хозяйства
A307: 08000 | B307: =LEFT(A307,3) -> 080 | C307: Лесоматериалы круглые | D307: =IF(RIGHT(A307,3)="000",C307,VLOOKUP(B307,'Справочник ИХ'!A:C,3,0)) -> Лесоматериалы круглые | E307: =IF(RIGHT(A307,3)="000","х",VLOOKUP(B307,'Справочник ИХ'!A:D,4,0)) -> х | F307: Лесоматериалы круглые
A308: 08100 | B308: =LEFT(A308,3) -> 081 | C308: Лесоматериалы круглые, кроме крепежных | D308: =IF(RIGHT(A308,3)="000",C308,VLOOKUP(B308,'Справочник ИХ'!A:C,3,0)) -> Лесные грузы | E308: =IF(RIGHT(A308,3)="000","х",VLOOKUP(B308,'Справочник ИХ'!A:D,4,0)) -> 1 | F308: Лесоматериалы круглые
A309: 08101 | B309: =LEFT(A309,3) -> 081 | C309: Бамбук | D309: =IF(RIGHT(A309,3)="000",C309,VLOOKUP(B309,'Справочник ИХ'!A:C,3,0)) -> Лесные грузы | E309: =IF(RIGHT(A309,3)="000","х",VLOOKUP(B309,'Справочник ИХ'!A:D,4,0)) -> 1 | F309: Лесоматериалы круглые
A310: 08102 | B310: =LEFT(A310,3) -> 081 | C310: Балансы всяких пород дерева длиной до 1,5 м включительно, кроме хвойных | D310: =IF(RIGHT(A310,3)="000",C310,VLOOKUP(B310,'Справочник ИХ'!A:C,3,0)) -> Лесные грузы | E310: =IF(RIGHT(A310,3)="000","х",VLOOKUP(B310,'Справочник ИХ'!A:D,4,0)) -> 1 | F310: Лесоматериалы круглые
A311: 08103 | B311: =LEFT(A311,3) -> 081 | C311: Балансы всяких пород дерева длиной свыше 1,5 м, кроме хвойных | D311: =IF(RIGHT(A311,3)="000",C311,VLOOKUP(B311,'Справочник ИХ'!A:C,3,0)) -> Лесные грузы | E311: =IF(RIGHT(A311,3)="000","х",VLOOKUP(B311,'Справочник ИХ'!A:D,4,0)) -> 1 | F311: Лесоматериалы круглые
A312: 08104 | B312: =LEFT(A312,3) -> 081 | C312: Балансы хвойных пород дерева | D312: =IF(RIGHT(A312,3)="000",C312,VLOOKUP(B312,'Справочник ИХ'!A:C,3,0)) -> Лесные грузы | E312: =IF(RIGHT(A312,3)="000","х",VLOOKUP(B312,'Справочник ИХ'!A:D,4,0)) -> 1 | F312: Лесоматериалы круглые
A313: 08105 | B313: =LEFT(A313,3) -> 081 | C313: Древесина экстрактовая | D313: =IF(RIGHT(A313,3)="000",C313,VLOOKUP(B313,'Справочник ИХ'!A:C,3,0)) -> Лесные грузы | E313: =IF(RIGHT(A313,3)="000","х",VLOOKUP(B313,'Справочник ИХ'!A:D,4,0)) -> 1 | F313: Лесоматериалы круглые
A314: 08106 | B314: =LEFT(A314,3) -> 081 | C314: Ель резонансовая круглая | D314: =IF(RIGHT(A314,3)="000",C314,VLOOKUP(B314,'Справочник ИХ'!A:C,3,0)) -> Лесные грузы | E314: =IF(RIGHT(A314,3)="000","х",VLOOKUP(B314,'Справочник ИХ'!A:D,4,0)) -> 1 | F314: Лесоматериалы круглые
A315: 08107 | B315: =LEFT(A315,3) -> 081 | C315: Жерди и колья | D315: =IF(RIGHT(A315,3)="000",C315,VLOOKUP(B315,'Справочник ИХ'!A:C,3,0)) -> Лесные грузы | E315: =IF(RIGHT(A315,3)="000","х",VLOOKUP(B315,'Справочник ИХ'!A:D,4,0)) -> 1 | F315: Лесоматериалы круглые
A316: 08108 | B316: =LEFT(A316,3) -> 081 | C316: Кряж всяких пород дерева | D316: =IF(RIGHT(A316,3)="000",C316,VLOOKUP(B316,'Справочник ИХ'!A:C,3,0)) -> Лесные грузы | E316: =IF(RIGHT(A316,3)="000","х",VLOOKUP(B316,'Справочник ИХ'!A:D,4,0)) -> 1 | F316: Лесоматериалы круглые
A317: 08109 | B317: =LEFT(A317,3) -> 081 | C317: Лесоматериалы всяких пород длиной до 2 м включительно | D317: =IF(RIGHT(A317,3)="000",C317,VLOOKUP(B317,'Справочник ИХ'!A:C,3,0)) -> Лесные грузы | E317: =IF(RIGHT(A317,3)="000","х",VLOOKUP(B317,'Справочник ИХ'!A:D,4,0)) -> 1 | F317: Лесоматериалы круглые
A318: 08110 | B318: =LEFT(A318,3) -> 081 | C318: Лесоматериалы всяких пород длиной свыше 2 м | D318: =IF(RIGHT(A318,3)="000",C318,VLOOKUP(B318,'Справочник ИХ'!A:C,3,0)) -> Лесные грузы | E318: =IF(RIGHT(A318,3)="000","х",VLOOKUP(B318,'Справочник ИХ'!A:D,4,0)) -> 1 | F318: Лесоматериалы круглые
... A372: 09410 | B372: =LEFT(A372,3) -> 094 | C372: Шпон лущеный и строганый | D372: =IF(RIGHT(A372,3)="000",C372,VLOOKUP(B372,'Справочник ИХ'!A:C,3,0)) -> Лесные грузы | E372: =IF(RIGHT(A372,3)="000","х",VLOOKUP(B372,'Справочник ИХ'!A:D,4,0)) -> 3 | F372: Продукция лесопильного и фанерного производства
A373: 10000 | B373: =LEFT(A373,3) -> 100 | C373: Дрова, древесина дровяная для технологических нужд, древесина измельченная | D373: =IF(RIGHT(A373,3)="000",C373,VLOOKUP(B373,'Справочник ИХ'!A:C,3,0)) -> Дрова, древесина дровяная для технологических нужд, древесина измельченная | E373: =IF(RIGHT(A373,3)="000","х",VLOOKUP(B373,'Справочник ИХ'!A:D,4,0)) -> х | F373: Дрова, древесина дровяная для технологических нужд, древесина измельченная
A374: 10100 | B374: =LEFT(A374,3) -> 101 | C374: Дрова | D374: =IF(RIGHT(A374,3)="000",C374,VLOOKUP(B374,'Справочник ИХ'!A:C,3,0)) -> Лесные грузы | E374: =IF(RIGHT(A374,3)="000","х",VLOOKUP(B374,'Справочник ИХ'!A:D,4,0)) -> 1 | F374: Дрова, древесина дровяная для технологических нужд, древесина измельченная
A375: 10101 | B375: =LEFT(A375,3) -> 101 | C375: Дрова долготье | D375: =IF(RIGHT(A375,3)="000",C375,VLOOKUP(B375,'Справочник ИХ'!A:C,3,0)) -> Лесные грузы | E375: =IF(RIGHT(A375,3)="000","х",VLOOKUP(B375,'Справочник ИХ'!A:D,4,0)) -> 1 | F375: Дрова, древесина дровяная для технологических нужд, древесина измельченная
A376: 10102 | B376: =LEFT(A376,3) -> 101 | C376: Дрова из всяких пород дерева, не поименованные в алфавите | D376: =IF(RIGHT(A376,3)="000",C376,VLOOKUP(B376,'Справочник ИХ'!A:C,3,0)) -> Лесные грузы | E376: =IF(RIGHT(A376,3)="000","х",VLOOKUP(B376,'Справочник ИХ'!A:D,4,0)) -> 1 | F376: Дрова, древесина дровяная для технологических нужд, древесина измельченная
A377: 10103 | B377: =LEFT(A377,3) -> 101 | C377: Корни, пни древесные | D377: =IF(RIGHT(A377,3)="000",C377,VLOOKUP(B377,'Справочник ИХ'!A:C,3,0)) -> Лесные грузы | E377: =IF(RIGHT(A377,3)="000","х",VLOOKUP(B377,'Справочник ИХ'!A:D,4,0)) -> 1 | F377: Дрова, древесина дровяная для технологических нужд, древесина измельченная
A378: 10104 | B378: =LEFT(A378,3) -> 101 | C378: Хворост | D378: =IF(RIGHT(A378,3)="000",C378,VLOOKUP(B378,'Справочник ИХ'!A:C,3,0)) -> Лесные грузы | E378: =IF(RIGHT(A378,3)="000","х",VLOOKUP(B378,'Справочник ИХ'!A:D,4,0)) -> 1 | F378: Дрова, древесина дровяная для технологических нужд, древесина измельченная
A379: 10200 | B379: =LEFT(A379,3) -> 102 | C379: Древесина дровяная для технологических нужд | D379: =IF(RIGHT(A379,3)="000",C379,VLOOKUP(B379,'Справочник ИХ'!A:C,3,0)) -> Лесные грузы | E379: =IF(RIGHT(A379,3)="000","х",VLOOKUP(B379,'Справочник ИХ'!A:D,4,0)) -> 1 | F379: Дрова, древесина дровяная для технологических нужд, древесина измельченная
A380: 10201 | B380: =LEFT(A380,3) -> 102 | C380: Древесина дровяная для гидролизного производства | D380: =IF(RIGHT(A380,3)="000",C380,VLOOKUP(B380,'Справочник ИХ'!A:C,3,0)) -> Лесные грузы | E380: =IF(RIGHT(A380,3)="000","х",VLOOKUP(B380,'Справочник ИХ'!A:D,4,0)) -> 1 | F380: Дрова, древесина дровяная для технологических нужд, древесина измельченная
A381: 10202 | B381: =LEFT(A381,3) -> 102 | C381: Древесина дровяная для технологических нужд, не поименованная в алфавите | D381: =IF(RIGHT(A381,3)="000",C381,VLOOKUP(B381,'Справочник ИХ'!A:C,3,0)) -> Лесные грузы | E381: =IF(RIGHT(A381,3)="000","х",VLOOKUP(B381,'Справочник ИХ'!A:D,4,0)) -> 1 | F381: Дрова, древесина дровяная для технологических нужд, древесина измельченная
A382: 10300 | B382: =LEFT(A382,3) -> 103 | C382: Древесина измельченная | D382: =IF(RIGHT(A382,3)="000",C382,VLOOKUP(B382,'Справочник ИХ'!A:C,3,0)) -> Лесные грузы | E382: =IF(RIGHT(A382,3)="000","х",VLOOKUP(B382,'Справочник ИХ'!A:D,4,0)) -> 1 | F382: Дрова, древесина дровяная для технологических нужд, древесина измельченная
A383: 10301 | B383: =LEFT(A383,3) -> 103 | C383: Мука древесная, не поименованная в алфавите | D383: =IF(RIGHT(A383,3)="000",C383,VLOOKUP(B383,'Справочник ИХ'!A:C,3,0)) -> Лесные грузы | E383: =IF(RIGHT(A383,3)="000","х",VLOOKUP(B383,'Справочник ИХ'!A:D,4,0)) -> 1 | F383: Дрова, древесина дровяная для технологических нужд, древесина измельченная
A384: 10302 | B384: =LEFT(A384,3) -> 103 | C384: Мука кноперсовая | D384: =IF(RIGHT(A384,3)="000",C384,VLOOKUP(B384,'Справочник ИХ'!A:C,3,0)) -> Лесные грузы | E384: =IF(RIGHT(A384,3)="000","х",VLOOKUP(B384,'Справочник ИХ'!A:D,4,0)) -> 1 | F384: Дрова, древесина дровяная для технологических нужд, древесина измельченная
... A611: 13320 | B611: =LEFT(A611,3) -> 133 | C611: Ящики картонные всякие | D611: =IF(RIGHT(A611,3)="000",C611,VLOOKUP(B611,'Справочник ИХ'!A:C,3,0)) -> Остальные грузы | E611: =IF(RIGHT(A611,3)="000","х",VLOOKUP(B611,'Справочник ИХ'!A:D,4,0)) -> 3 | F611: Продукция целлюлозно-бумажной промышленности
B612: =LEFT(A612,3) | C612: Раздел 3. Руды металлические | D612: =C612 -> Раздел 3. Руды металлические | E612: х | F612: Продукция целлюлозно-бумажной промышленности
A613: 14000 | B613: =LEFT(A613,3) -> 140 | C613: Руда железная и марганцевая | D613: =IF(RIGHT(A613,3)="000",C613,VLOOKUP(B613,'Справочник ИХ'!A:C,3,0)) -> Руда железная и марганцевая | E613: =IF(RIGHT(A613,3)="000","х",VLOOKUP(B613,'Справочник ИХ'!A:D,4,0)) -> х | F613: Руда железная и марганцевая
A614: 14100 | B614: =LEFT(A614,3) -> 141 | C614: Руда железная | D614: =IF(RIGHT(A614,3)="000",C614,VLOOKUP(B614,'Справочник ИХ'!A:C,3,0)) -> Руды всякие | E614: =IF(RIGHT(A614,3)="000","х",VLOOKUP(B614,'Справочник ИХ'!A:D,4,0)) -> 1 | F614: Руда железная и марганцевая
A615: 14101 | B615: =LEFT(A615,3) -> 141 | C615: Агломерат железорудный | D615: =IF(RIGHT(A615,3)="000",C615,VLOOKUP(B615,'Справочник ИХ'!A:C,3,0)) -> Руды всякие | E615: =IF(RIGHT(A615,3)="000","х",VLOOKUP(B615,'Справочник ИХ'!A:D,4,0)) -> 1 | F615: Руда железная и марганцевая
A616: 14102 | B616: =LEFT(A616,3) -> 141 | C616: Агломерат хромитовой руды | D616: =IF(RIGHT(A616,3)="000",C616,VLOOKUP(B616,'Справочник ИХ'!A:C,3,0)) -> Руды всякие | E616: =IF(RIGHT(A616,3)="000","х",VLOOKUP(B616,'Справочник ИХ'!A:D,4,0)) -> 1 | F616: Руда железная и марганцевая
A617: 14103 | B617: =LEFT(A617,3) -> 141 | C617: Брикеты железной руды | D617: =IF(RIGHT(A617,3)="000",C617,VLOOKUP(B617,'Справочник ИХ'!A:C,3,0)) -> Руды всякие | E617: =IF(RIGHT(A617,3)="000","х",VLOOKUP(B617,'Справочник ИХ'!A:D,4,0)) -> 1 | F617: Руда железная и марганцевая
A618: 14104 | B618: =LEFT(A618,3) -> 141 | C618: Брикеты хромитовой руды | D618: =IF(RIGHT(A618,3)="000",C618,VLOOKUP(B618,'Справочник ИХ'!A:C,3,0)) -> Руды всякие | E618: =IF(RIGHT(A618,3)="000","х",VLOOKUP(B618,'Справочник ИХ'!A:D,4,0)) -> 1 | F618: Руда железная и марганцевая
A619: 14105 | B619: =LEFT(A619,3) -> 141 | C619: Железняк бурый | D619: =IF(RIGHT(A619,3)="000",C619,VLOOKUP(B619,'Справочник ИХ'!A:C,3,0)) -> Руды всякие | E619: =IF(RIGHT(A619,3)="000","х",VLOOKUP(B619,'Справочник ИХ'!A:D,4,0)) -> 1 | F619: Руда железная и марганцевая
A620: 14106 | B620: =LEFT(A620,3) -> 141 | C620: Железняк магнитный | D620: =IF(RIGHT(A620,3)="000",C620,VLOOKUP(B620,'Справочник ИХ'!A:C,3,0)) -> Руды всякие | E620: =IF(RIGHT(A620,3)="000","х",VLOOKUP(B620,'Справочник ИХ'!A:D,4,0)) -> 1 | F620: Руда железная и марганцевая
A621: 14107 | B621: =LEFT(A621,3) -> 141 | C621: Железняк хромистый (хромит) | D621: =IF(RIGHT(A621,3)="000",C621,VLOOKUP(B621,'Справочник ИХ'!A:C,3,0)) -> Руды всякие | E621: =IF(RIGHT(A621,3)="000","х",VLOOKUP(B621,'Справочник ИХ'!A:D,4,0)) -> 1 | F621: Руда железная и марганцевая
A622: 14108 | B622: =LEFT(A622,3) -> 141 | C622: Кварциты бакальские, криворожские и КМА (железорудное сырье) | D622: =IF(RIGHT(A622,3)="000",C622,VLOOKUP(B622,'Справочник ИХ'!A:C,3,0)) -> Руды всякие | E622: =IF(RIGHT(A622,3)="000","х",VLOOKUP(B622,'Справочник ИХ'!A:D,4,0)) -> 1 | F622: Руда железная и марганцевая
A623: 14109 | B623: =LEFT(A623,3) -> 141 | C623: Концентрат железорудный (гематит) | D623: =IF(RIGHT(A623,3)="000",C623,VLOOKUP(B623,'Справочник ИХ'!A:C,3,0)) -> Руды всякие | E623: =IF(RIGHT(A623,3)="000","х",VLOOKUP(B623,'Справочник ИХ'!A:D,4,0)) -> 1 | F623: Руда железная и марганцевая
A624: 14110 | B624: =LEFT(A624,3) -> 141 | C624: Концентрат хромитовой руды | D624: =IF(RIGHT(A624,3)="000",C624,VLOOKUP(B624,'Справочник ИХ'!A:C,3,0)) -> Руды всякие | E624: =IF(RIGHT(A624,3)="000","х",VLOOKUP(B624,'Справочник ИХ'!A:D,4,0)) -> 1 | F624: Руда железная и марганцевая
... A715: 15303 | B715: =LEFT(A715,3) -> 153 | C715: Хвосты флотационные пиритов | D715: =IF(RIGHT(A715,3)="000",C715,VLOOKUP(B715,'Справочник ИХ'!A:C,3,0)) -> Руды всякие | E715: =IF(RIGHT(A715,3)="000","х",VLOOKUP(B715,'Справочник ИХ'!A:D,4,0)) -> 1 | F715: Сырье цветных металлов, сырье серное
B716: =LEFT(A716,3) | C716: Раздел 4. Продукция топливно-энергетической промышленности | D716: =C716 -> Раздел 4. Продукция топливно-энергетической промышленности | E716: х | F716: Сырье цветных металлов, сырье серное
A717: 16000 | B717: =LEFT(A717,3) -> 160 | C717: Топливо минеральное (уголь каменный, уголь бурый) | D717: =IF(RIGHT(A717,3)="000",C717,VLOOKUP(B717,'Справочник ИХ'!A:C,3,0)) -> Топливо минеральное (уголь каменный, уголь бурый) | E717: =IF(RIGHT(A717,3)="000","х",VLOOKUP(B717,'Справочник ИХ'!A:D,4,0)) -> х | F717: Топливо минеральное (уголь каменный, уголь бурый)
A718: 16100 | B718: =LEFT(A718,3) -> 161 | C718: Уголь каменный | D718: =IF(RIGHT(A718,3)="000",C718,VLOOKUP(B718,'Справочник ИХ'!A:C,3,0)) -> Уголь каменный | E718: =IF(RIGHT(A718,3)="000","х",VLOOKUP(B718,'Справочник ИХ'!A:D,4,0)) -> 1 | F718: Топливо минеральное (уголь каменный, уголь бурый)
A719: 16101 | B719: =LEFT(A719,3) -> 161 | C719: Антрацит | D719: =IF(RIGHT(A719,3)="000",C719,VLOOKUP(B719,'Справочник ИХ'!A:C,3,0)) -> Уголь каменный | E719: =IF(RIGHT(A719,3)="000","х",VLOOKUP(B719,'Справочник ИХ'!A:D,4,0)) -> 1 | F719: Топливо минеральное (уголь каменный, уголь бурый)
A720: 16102 | B720: =LEFT(A720,3) -> 161 | C720: Брикеты буроугольные | D720: =IF(RIGHT(A720,3)="000",C720,VLOOKUP(B720,'Справочник ИХ'!A:C,3,0)) -> Уголь каменный | E720: =IF(RIGHT(A720,3)="000","х",VLOOKUP(B720,'Справочник ИХ'!A:D,4,0)) -> 1 | F720: Топливо минеральное (уголь каменный, уголь бурый)
A721: 16103 | B721: =LEFT(A721,3) -> 161 | C721: Брикеты каменноугольные | D721: =IF(RIGHT(A721,3)="000",C721,VLOOKUP(B721,'Справочник ИХ'!A:C,3,0)) -> Уголь каменный | E721: =IF(RIGHT(A721,3)="000","х",VLOOKUP(B721,'Справочник ИХ'!A:D,4,0)) -> 1 | F721: Топливо минеральное (уголь каменный, уголь бурый)
A722: 16104 | B722: =LEFT(A722,3) -> 161 | C722: Концентрат угольный | D722: =IF(RIGHT(A722,3)="000",C722,VLOOKUP(B722,'Справочник ИХ'!A:C,3,0)) -> Уголь каменный | E722: =IF(RIGHT(A722,3)="000","х",VLOOKUP(B722,'Справочник ИХ'!A:D,4,0)) -> 1 | F722: Топливо минеральное (уголь каменный, уголь бурый)
A723: 16105 | B723: =LEFT(A723,3) -> 161 | C723: Полуантрацит | D723: =IF(RIGHT(A723,3)="000",C723,VLOOKUP(B723,'Справочник ИХ'!A:C,3,0)) -> Уголь каменный | E723: =IF(RIGHT(A723,3)="000","х",VLOOKUP(B723,'Справочник ИХ'!A:D,4,0)) -> 1 | F723: Топливо минеральное (уголь каменный, уголь бурый)
A724: 16106 | B724: =LEFT(A724,3) -> 161 | C724: Промпродукт угольный | D724: =IF(RIGHT(A724,3)="000",C724,VLOOKUP(B724,'Справочник ИХ'!A:C,3,0)) -> Уголь каменный | E724: =IF(RIGHT(A724,3)="000","х",VLOOKUP(B724,'Справочник ИХ'!A:D,4,0)) -> 1 | F724: Топливо минеральное (уголь каменный, уголь бурый)
A725: 16107 | B725: =LEFT(A725,3) -> 161 | C725: Уголь бурый мелкий Подмосковного бассейна | D725: =IF(RIGHT(A725,3)="000",C725,VLOOKUP(B725,'Справочник ИХ'!A:C,3,0)) -> Уголь каменный | E725: =IF(RIGHT(A725,3)="000","х",VLOOKUP(B725,'Справочник ИХ'!A:D,4,0)) -> 1 | F725: Топливо минеральное (уголь каменный, уголь бурый)
A726: 16108 | B726: =LEFT(A726,3) -> 161 | C726: Уголь бурый Подмосковного бассейна | D726: =IF(RIGHT(A726,3)="000",C726,VLOOKUP(B726,'Справочник ИХ'!A:C,3,0)) -> Уголь каменный | E726: =IF(RIGHT(A726,3)="000","х",VLOOKUP(B726,'Справочник ИХ'!A:D,4,0)) -> 1 | F726: Топливо минеральное (уголь каменный, уголь бурый)
A727: 16109 | B727: =LEFT(A727,3) -> 161 | C727: Уголь бурый, кроме бурого угля Подмосковного бассейна | D727: =IF(RIGHT(A727,3)="000",C727,VLOOKUP(B727,'Справочник ИХ'!A:C,3,0)) -> Уголь каменный | E727: =IF(RIGHT(A727,3)="000","х",VLOOKUP(B727,'Справочник ИХ'!A:D,4,0)) -> 1 | F727: Топливо минеральное (уголь каменный, уголь бурый)
A728: 16110 | B728: =LEFT(A728,3) -> 161 | C728: Уголь гранулированный | D728: =IF(RIGHT(A728,3)="000",C728,VLOOKUP(B728,'Справочник ИХ'!A:C,3,0)) -> Уголь каменный | E728: =IF(RIGHT(A728,3)="000","х",VLOOKUP(B728,'Справочник ИХ'!A:D,4,0)) -> 1 | F728: Топливо минеральное (уголь каменный, уголь бурый)
A729: 16111 | B729: =LEFT(A729,3) -> 161 | C729: Уголь каменный марки Г-газовый | D729: =IF(RIGHT(A729,3)="000",C729,VLOOKUP(B729,'Справочник ИХ'!A:C,3,0)) -> Уголь каменный | E729: =IF(RIGHT(A729,3)="000","х",VLOOKUP(B729,'Справочник ИХ'!A:D,4,0)) -> 1 | F729: Топливо минеральное (уголь каменный, уголь бурый)
A730: 16112 | B730: =LEFT(A730,3) -> 161 | C730: Уголь каменный марки Д | D730: =IF(RIGHT(A730,3)="000",C730,VLOOKUP(B730,'Справочник ИХ'!A:C,3,0)) -> Уголь каменный | E730: =IF(RIGHT(A730,3)="000","х",VLOOKUP(B730,'Справочник ИХ'!A:D,4,0)) -> 1 | F730: Топливо минеральное (уголь каменный, уголь бурый)
A731: 16113 | B731: =LEFT(A731,3) -> 161 | C731: Уголь каменный марки Ж-жирный | D731: =IF(RIGHT(A731,3)="000",C731,VLOOKUP(B731,'Справочник ИХ'!A:C,3,0)) -> Уголь каменный | E731: =IF(RIGHT(A731,3)="000","х",VLOOKUP(B731,'Справочник ИХ'!A:D,4,0)) -> 1 | F731: Топливо минеральное (уголь каменный, уголь бурый)
... A743: 16125 | B743: =LEFT(A743,3) -> 161 | C743: Топливо печное каменнугольное | D743: =IF(RIGHT(A743,3)="000",C743,VLOOKUP(B743,'Справочник ИХ'!A:C,3,0)) -> Уголь каменный | E743: =IF(RIGHT(A743,3)="000","х",VLOOKUP(B743,'Справочник ИХ'!A:D,4,0)) -> 1 | F743: Топливо минеральное (уголь каменный, уголь бурый)
A744: 17000 | B744: =LEFT(A744,3) -> 170 | C744: Кокс | D744: =IF(RIGHT(A744,3)="000",C744,VLOOKUP(B744,'Справочник ИХ'!A:C,3,0)) -> Кокс | E744: =IF(RIGHT(A744,3)="000","х",VLOOKUP(B744,'Справочник ИХ'!A:D,4,0)) -> х | F744: Кокс
A745: 17100 | B745: =LEFT(A745,3) -> 171 | C745: Кокс каменноугольный | D745: =IF(RIGHT(A745,3)="000",C745,VLOOKUP(B745,'Справочник ИХ'!A:C,3,0)) -> Кокс каменноугольный | E745: =IF(RIGHT(A745,3)="000","х",VLOOKUP(B745,'Справочник ИХ'!A:D,4,0)) -> 1 | F745: Кокс
A746: 17101 | B746: =LEFT(A746,3) -> 171 | C746: Брикеты кокса и полукокса | D746: =IF(RIGHT(A746,3)="000",C746,VLOOKUP(B746,'Справочник ИХ'!A:C,3,0)) -> Кокс каменноугольный | E746: =IF(RIGHT(A746,3)="000","х",VLOOKUP(B746,'Справочник ИХ'!A:D,4,0)) -> 1 | F746: Кокс
A747: 17102 | B747: =LEFT(A747,3) -> 171 | C747: Кокс высокосернистый | D747: =IF(RIGHT(A747,3)="000",C747,VLOOKUP(B747,'Справочник ИХ'!A:C,3,0)) -> Кокс каменноугольный | E747: =IF(RIGHT(A747,3)="000","х",VLOOKUP(B747,'Справочник ИХ'!A:D,4,0)) -> 1 | F747: Кокс
A748: 17103 | B748: =LEFT(A748,3) -> 171 | C748: Кокс доменный фракции свыше 25 мм | D748: =IF(RIGHT(A748,3)="000",C748,VLOOKUP(B748,'Справочник ИХ'!A:C,3,0)) -> Кокс каменноугольный | E748: =IF(RIGHT(A748,3)="000","х",VLOOKUP(B748,'Справочник ИХ'!A:D,4,0)) -> 1 | F748: Кокс
A749: 17104 | B749: =LEFT(A749,3) -> 171 | C749: Кокс доменный фракции 25 мм | D749: =IF(RIGHT(A749,3)="000",C749,VLOOKUP(B749,'Справочник ИХ'!A:C,3,0)) -> Кокс каменноугольный | E749: =IF(RIGHT(A749,3)="000","х",VLOOKUP(B749,'Справочник ИХ'!A:D,4,0)) -> 1 | F749: Кокс
A750: 17105 | B750: =LEFT(A750,3) -> 171 | C750: Кокс лигнитовый | D750: =IF(RIGHT(A750,3)="000",C750,VLOOKUP(B750,'Справочник ИХ'!A:C,3,0)) -> Кокс каменноугольный | E750: =IF(RIGHT(A750,3)="000","х",VLOOKUP(B750,'Справочник ИХ'!A:D,4,0)) -> 1 | F750: Кокс
A751: 17106 | B751: =LEFT(A751,3) -> 171 | C751: Кокс литейный КЛ-1 | D751: =IF(RIGHT(A751,3)="000",C751,VLOOKUP(B751,'Справочник ИХ'!A:C,3,0)) -> Кокс каменноугольный | E751: =IF(RIGHT(A751,3)="000","х",VLOOKUP(B751,'Справочник ИХ'!A:D,4,0)) -> 1 | F751: Кокс
A752: 17107 | B752: =LEFT(A752,3) -> 171 | C752: Кокс литейный КЛ-2 | D752: =IF(RIGHT(A752,3)="000",C752,VLOOKUP(B752,'Справочник ИХ'!A:C,3,0)) -> Кокс каменноугольный | E752: =IF(RIGHT(A752,3)="000","х",VLOOKUP(B752,'Справочник ИХ'!A:D,4,0)) -> 1 | F752: Кокс
A753: 17108 | B753: =LEFT(A753,3) -> 171 | C753: Кокс литейный КЛ-3 | D753: =IF(RIGHT(A753,3)="000",C753,VLOOKUP(B753,'Справочник ИХ'!A:C,3,0)) -> Кокс каменноугольный | E753: =IF(RIGHT(A753,3)="000","х",VLOOKUP(B753,'Справочник ИХ'!A:D,4,0)) -> 1 | F753: Кокс
A754: 17109 | B754: =LEFT(A754,3) -> 171 | C754: Кокс пековый каменноугольный | D754: =IF(RIGHT(A754,3)="000",C754,VLOOKUP(B754,'Справочник ИХ'!A:C,3,0)) -> Кокс каменноугольный | E754: =IF(RIGHT(A754,3)="000","х",VLOOKUP(B754,'Справочник ИХ'!A:D,4,0)) -> 1 | F754: Кокс
A755: 17110 | B755: =LEFT(A755,3) -> 171 | C755: Кокс, не поименованный в алфавите | D755: =IF(RIGHT(A755,3)="000",C755,VLOOKUP(B755,'Справочник ИХ'!A:C,3,0)) -> Кокс каменноугольный | E755: =IF(RIGHT(A755,3)="000","х",VLOOKUP(B755,'Справочник ИХ'!A:D,4,0)) -> 1 | F755: Кокс
... A998: 22630 | B998: =LEFT(A998,3) -> 226 | C998: Этан | D998: =IF(RIGHT(A998,3)="000",C998,VLOOKUP(B998,'Справочник ИХ'!A:C,3,0)) -> Нефтяные грузы | E998: =IF(RIGHT(A998,3)="000","х",VLOOKUP(B998,'Справочник ИХ'!A:D,4,0)) -> 1 | F998: Нефтепродукты темные, газы энергетические
B999: =LEFT(A999,3) | C999: Раздел 5. Минеральное сырье, минерально-строительные материалы и изделия. Абразивы | D999: =C999 -> Раздел 5. Минеральное сырье, минерально-строительные материалы и изделия. Абразивы | E999: х | F999: Нефтепродукты темные, газы энергетические
A1000: 23000 | B1000: =LEFT(A1000,3) -> 230 | C1000: Материалы минерально-строительные природные. Зола. Шлаки, кроме гранулированных и металлургических для переплавки | D1000: =IF(RIGHT(A1000,3)="000",C1000,VLOOKUP(B1000,'Справочник ИХ'!A:C,3,0)) -> Материалы минерально-строительные природные. Зола. Шлаки, кроме гранулированных и металлургических для переплавки | E1000: =IF(RIGHT(A1000,3)="000","х",VLOOKUP(B1000,'Справочник ИХ'!A:D,4,0)) -> х | F1000: Материалы минерально-строительные природные. Зола. Шлаки, кроме гранулированных и металлургических для переплавки
A1001: 23100 | B1001: =LEFT(A1001,3) -> 231 | C1001: Земля, песок, глина строительные | D1001: =IF(RIGHT(A1001,3)="000",C1001,VLOOKUP(B1001,'Справочник ИХ'!A:C,3,0)) -> Минерально-строит. | E1001: =IF(RIGHT(A1001,3)="000","х",VLOOKUP(B1001,'Справочник ИХ'!A:D,4,0)) -> 1 | F1001: Материалы минерально-строительные природные. Зола. Шлаки, кроме гранулированных и металлургических для переплавки
A1002: 23101 | B1002: =LEFT(A1002,3) -> 231 | C1002: Глина, не поименованная в алфавите | D1002: =IF(RIGHT(A1002,3)="000",C1002,VLOOKUP(B1002,'Справочник ИХ'!A:C,3,0)) -> Минерально-строит. | E1002: =IF(RIGHT(A1002,3)="000","х",VLOOKUP(B1002,'Справочник ИХ'!A:D,4,0)) -> 1 | F1002: Материалы минерально-строительные природные. Зола. Шлаки, кроме гранулированных и металлургических для переплавки
A1003: 23102 | B1003: =LEFT(A1003,3) -> 231 | C1003: Грунт (земля обыкновенная) | D1003: =IF(RIGHT(A1003,3)="000",C1003,VLOOKUP(B1003,'Справочник ИХ'!A:C,3,0)) -> Минерально-строит. | E1003: =IF(RIGHT(A1003,3)="000","х",VLOOKUP(B1003,'Справочник ИХ'!A:D,4,0)) -> 1 | F1003: Материалы минерально-строительные природные. Зола. Шлаки, кроме гранулированных и металлургических для переплавки
A1004: 23103 | B1004: =LEFT(A1004,3) -> 231 | C1004: Дерн | D1004: =IF(RIGHT(A1004,3)="000",C1004,VLOOKUP(B1004,'Справочник ИХ'!A:C,3,0)) -> Минерально-строит. | E1004: =IF(RIGHT(A1004,3)="000","х",VLOOKUP(B1004,'Справочник ИХ'!A:D,4,0)) -> 1 | F1004: Материалы минерально-строительные природные. Зола. Шлаки, кроме гранулированных и металлургических для переплавки
A1005: 23104 | B1005: =LEFT(A1005,3) -> 231 | C1005: Ил | D1005: =IF(RIGHT(A1005,3)="000",C1005,VLOOKUP(B1005,'Справочник ИХ'!A:C,3,0)) -> Минерально-строит. | E1005: =IF(RIGHT(A1005,3)="000","х",VLOOKUP(B1005,'Справочник ИХ'!A:D,4,0)) -> 1 | F1005: Материалы минерально-строительные природные. Зола. Шлаки, кроме гранулированных и металлургических для переплавки
A1006: 23105 | B1006: =LEFT(A1006,3) -> 231 | C1006: Крошка известковая | D1006: =IF(RIGHT(A1006,3)="000",C1006,VLOOKUP(B1006,'Справочник ИХ'!A:C,3,0)) -> Минерально-строит. | E1006: =IF(RIGHT(A1006,3)="000","х",VLOOKUP(B1006,'Справочник ИХ'!A:D,4,0)) -> 1 | F1006: Материалы минерально-строительные природные. Зола. Шлаки, кроме гранулированных и металлургических для переплавки
A1007: 23106 | B1007: =LEFT(A1007,3) -> 231 | C1007: Мусор построечный | D1007: =IF(RIGHT(A1007,3)="000",C1007,VLOOKUP(B1007,'Справочник ИХ'!A:C,3,0)) -> Минерально-строит. | E1007: =IF(RIGHT(A1007,3)="000","х",VLOOKUP(B1007,'Справочник ИХ'!A:D,4,0)) -> 1 | F1007: Материалы минерально-строительные природные. Зола. Шлаки, кроме гранулированных и металлургических для переплавки
A1008: 23107 | B1008: =LEFT(A1008,3) -> 231 | C1008: Песок строительный | D1008: =IF(RIGHT(A1008,3)="000",C1008,VLOOKUP(B1008,'Справочник ИХ'!A:C,3,0)) -> Минерально-строит. | E1008: =IF(RIGHT(A1008,3)="000","х",VLOOKUP(B1008,'Справочник ИХ'!A:D,4,0)) -> 1 | F1008: Материалы минерально-строительные природные. Зола. Шлаки, кроме гранулированных и металлургических для переплавки
A1009: 23108 | B1009: =LEFT(A1009,3) -> 231 | C1009: Ракушка морская и речная | D1009: =IF(RIGHT(A1009,3)="000",C1009,VLOOKUP(B1009,'Справочник ИХ'!A:C,3,0)) -> Минерально-строит. | E1009: =IF(RIGHT(A1009,3)="000","х",VLOOKUP(B1009,'Справочник ИХ'!A:D,4,0)) -> 1 | F1009: Материалы минерально-строительные природные. Зола. Шлаки, кроме гранулированных и металлургических для переплавки
A1010: 23109 | B1010: =LEFT(A1010,3) -> 231 | C1010: Ракушка, не поименованная в алфавите | D1010: =IF(RIGHT(A1010,3)="000",C1010,VLOOKUP(B1010,'Справочник ИХ'!A:C,3,0)) -> Минерально-строит. | E1010: =IF(RIGHT(A1010,3)="000","х",VLOOKUP(B1010,'Справочник ИХ'!A:D,4,0)) -> 1 | F1010: Материалы минерально-строительные природные. Зола. Шлаки, кроме гранулированных и металлургических для переплавки
A1011: 23110 | B1011: =LEFT(A1011,3) -> 231 | C1011: Сапонат (кил) | D1011: =IF(RIGHT(A1011,3)="000",C1011,VLOOKUP(B1011,'Справочник ИХ'!A:C,3,0)) -> Минерально-строит. | E1011: =IF(RIGHT(A1011,3)="000","х",VLOOKUP(B1011,'Справочник ИХ'!A:D,4,0)) -> 1 | F1011: Материалы минерально-строительные природные. Зола. Шлаки, кроме гранулированных и металлургических для переплавки
... A1274: 25409 | B1274: =LEFT(A1274,3) -> 254 | C1274: Плиты железобетонные | D1274: =IF(RIGHT(A1274,3)="000",C1274,VLOOKUP(B1274,'Справочник ИХ'!A:C,3,0)) -> Минерально-строит. | E1274: =IF(RIGHT(A1274,3)="000","х",VLOOKUP(B1274,'Справочник ИХ'!A:D,4,0)) -> 2 | F1274: Материалы стеновые и кровельные
...

Sheet Лист1
A1: Остальные грузы

Sheet Лист2
A1: Головки маковые с зерном

Sheet Лист3
