Workbook
Name ccc: #REF!
Name cmndBase: #REF!
Name cmndDayMonthTo: #REF!
Name cmndDays: #REF!
Name cmndDocNum: #REF!
Name cmndDocSer: #REF!
Name cmndFIO: #REF!
Name cmndOrdDay: #REF!
Name cmndOrdMonth: #REF!
Name cmndOrdNum: #REF!
Name cmndOrdYear: #REF!
Name cmndPoint: #REF!
Name cmndPoint1: #REF!
Name cmndPos: #REF!
Name cmndYearTo: #REF!
Name cntAddition: #REF!
Name cntDay: #REF!
Name cntMonth: #REF!
Name cntName: #REF!
Name cntNumber: #REF!
Name cntPayer: #REF!
Name cntPayer1: #REF!
Name cntPayerAddr1: #REF!
Name cntPayerAddr2: #REF!
Name cntPayerBank1: #REF!
Name cntPayerBank2: #REF!
Name cntPayerBank3: #REF!
Name cntPayerCount: #REF!
Name cntPayerCountCor: #REF!
Name cntPriceC: #REF!
Name cntPriceR: #REF!
Name cntQnt: #REF!
Name cntSumC: #REF!
Name cntSumR: #REF!
Name cntSuppAddr1: #REF!
Name cntSuppAddr2: #REF!
Name cntSuppBank: #REF!
Name cntSuppCount: #REF!
Name cntSuppCountCor: #REF!
Name cntSupplier: #REF!
Name cntSuppMFO1: #REF!
Name cntSuppMFO2: #REF!
Name cntSuppTlf: #REF!
Name cntUnit: #REF!
Name cntYear: #REF!
Name DF_GRID_2: История [1]корректировок!$C$10:$I$11
Name DF_NAVPANEL_13: [2]Отчет!#REF!
Name DF_NAVPANEL_18: [2]Отчет!#REF!
Name dvrCustomer: #REF!
Name dvrDay: #REF!
Name dvrDocDay: #REF!
Name dvrDocIss: #REF!
Name dvrDocMonth: #REF!
Name dvrDocNum: #REF!
Name dvrDocSer: #REF!
Name dvrDocYear: #REF!
Name dvrMonth: #REF!
Name dvrName: #REF!
Name dvrNo: #REF!
Name dvrNumber: #REF!

Sheet ЧМ,ЦМ,Руда,Кокс
IS1: индексация жд тарифа | IU1: индексация заданная | IV1: =1+(IX1/1000) | IW1: корректировка
A2: параметры перевозок | X2: параметры расчета тарифа | AC2: экономика перевозок в текущих условиях | AT2: для усреднения | AU2: Коэффициент загрузки предприятия | AV2: трнаспортная с индексацией | CX2: Изменение тарифа ОАО "РЖД" | IS2: =ROUND(IU2,2) | IT2: =IF(IS2<0,"скидка","индексация") | IU2: 0.12 | IV2: 1 | IW2: при корректировке коэфф НЕ может принимать значения >1, если у ИПЕМ он <=1, т.е. груз нечувствителен
A3: Тип металлургии | B3: Код группы груза | C3: Группа груза | D3: Код груза | E3: Наим груза | F3: Вид груза | G3: Дор отпр | H3: Дор наз | I3: Станц отпр РФ | J3: Станц назн РФ | K3: Средняя дальность(км) | L3: Род вагона | M3: Вид перевозки | N3: Признак контейнерной отправки | O3: Направление | P3: ОКПО компании | Q3: Компания отправителя | R3: Холдинг отправителя | S3: Объем перевозок (тн) | T3: Грузооборот, ткм | U3: Кол-во вагонов | V3: Кол-во контейнеров | W3: Провозная плата, руб | X3: Загрузка вагона | Y3: Категория отправки | Z3: Груженый рейс, дней | AA3: Порожний рейс, дней | AB3: Погрузка-разгрузка, дней | AC3: Расходы по оплате услуг ОАО 'РЖД', руб. за тонну гружёный рейс | AD3: Расходы по оплате услуг ОАО 'РЖД', руб. за тонну порожний рейс | AE3: Расходы по оплате услуг ОАО 'РЖД', руб. за тонну общая стоимость (тарифные условия 2026 года) | AF3: Расходы по оплате услуг операторов, руб. за тонну | AG3: Расходы на перевалку, руб. за тонну | AH3: Акциз/пошлина | AI3: Себестоимость добычи/производства, руб. т. | AJ3: Стоимость 1 тонны на рынке, руб./т. | AK3: Стоимость 1 тонны на рынке, $/т. | AL3: Общие транспортные расходы, руб. за тонну | AM3: Нетбэк, руб. за тонну | AN3: Общие расходы, руб. за тонну | AO3: Маржинальность в текущих условиях | AP3: Транспортная составляющая в цене % | AQ3: Инфраструктурная составляющая в цене % | AR3: Инфраструктурная составляющая в транспортных затратах | AS3: Коэффициент сохранения базы В РАСЧЕТ | AT3: объем* коэфф | AV3: Маржинальность с индексацией | AW3: Транспортная составляющая в цене % | AX3: Инфраструктурная составляющая в цене % | AY3: Инфраструктурная составляющая в транспортных затратах | AZ3: =ROUND(BA3-0.5%,3) | BA3: =ROUND(BB3-0.5%,3) | BB3: =ROUND(BC3-0.5%,3) | BC3: =ROUND(BD3-0.5%,3) | BD3: =ROUND(BE3-0.5%,3) | BE3: =ROUND(BF3-0.5%,3) | BF3: =ROUND(BG3-0.5%,3) | BG3: =ROUND(BH3-0.5%,3) | ... CW3: =ROUND(CX3-0.5%,3) | CX3: -0.25 | CY3: -0.245 | CZ3: -0.24 | DA3: -0.235 | DB3: -0.23 | DC3: -0.225 | DD3: -0.22 | DE3: -0.215 | DF3: -0.21 | DG3: -0.205 | DH3: -0.2 | DI3: -0.195 | DJ3: -0.19 | DK3: -0.185 | DL3: -0.18 | DM3: -0.175 | DN3: -0.17 | DO3: -0.165 | DP3: -0.16 | DQ3: -0.155 | DR3: -0.15 | DS3: -0.145 | DT3: -0.14 | DU3: -0.135 | DV3: -0.13 | DW3: -0.125 | DX3: -0.12 | DY3: -0.115 | DZ3: -0.11 | EA3: -0.105 | EB3: -0.1 | EC3: -0.095 | ED3: -0.09 | EE3: -0.085 | EF3: -0.08 | EG3: -0.075 | EH3: -0.07 | EI3: -0.065 | EJ3: -0.06 | EK3: -0.055 | EL3: -0.05 | EM3: -0.045 | EN3: -0.04 | EO3: -0.035 | EP3: -0.03 | EQ3: -0.025 | ER3: -0.02 | ES3: -0.015 | ET3: -0.01 | EU3: -0.005 | EV3: 0 | EW3: 0.005 | EX3: 0.01 | EY3: 0.015 | EZ3: 0.02 | FA3: 0.025 | FB3: 0.03 | FC3: 0.035 | FD3: 0.04 | FE3: 0.045 | FF3: 0.05 | FG3: 0.055 | FH3: 0.06 | FI3: 0.065 | FJ3: 0.07 | FK3: 0.075 | FL3: 0.08 | FM3: 0.085 | FN3: 0.09 | FO3: 0.095 | FP3: 0.1 | FQ3: 0.105 | FR3: 0.11 | FS3: 0.115 | FT3: 0.12 | FU3: 0.125 | FV3: 0.13 | FW3: 0.135 | FX3: 0.14 | FY3: 0.145 | FZ3: 0.15 | GA3: 0.155 | GB3: 0.16 | GC3: 0.165 | GD3: 0.17 | GE3: 0.175 | GF3: 0.18 | GG3: 0.185 | GH3: 0.19 | GI3: 0.195 | GJ3: 0.2 | GK3: 0.205 | GL3: 0.21 | GM3: 0.215 | GN3: 0.22 | GO3: 0.225 | GP3: 0.23 | GQ3: 0.235 | GR3: 0.24 | GS3: 0.245 | GT3: 0.25 | GU3: 0.255 | GV3: 0.26 | GW3: 0.265 | GX3: 0.27 | GY3: 0.275 | GZ3: 0.28 | HA3: 0.285 | HB3: 0.29 | HC3: 0.295 | HD3: 0.3 | HE3: 0.305 | HF3: 0.31 | HG3: 0.315 | HH3: 0.32 | HI3: 0.325 | HJ3: 0.33 | HK3: 0.335 | HL3: 0.34 | HM3: 0.345 | HN3: 0.35 | HO3: 0.355 | HP3: 0.36 | HQ3: 0.365 | HR3: 0.37 | HS3: 0.375 | HT3: 0.38 | HU3: 0.385 | HV3: 0.39 | HW3: 0.395 | HX3: 0.4 | HY3: 0.405 | HZ3: 0.41 | IA3: 0.415 | IB3: 0.42 | IC3: 0.425 | ID3: 0.43 | IE3: 0.435 | IF3: 0.44 | IG3: 0.445 | IH3: 0.45 | II3: 0.455 | IJ3: 0.46 | IK3: 0.465 | IL3: 0.47 | IM3: 0.475 | IN3: 0.48 | IO3: 0.485 | IP3: 0.49 | IQ3: 0.495 | IR3: 0.5 | IS3: Коэффициент сохранения базы ИПЕМ | IT3: Коэффициент сохранения базы с корректировкой | IW3: при корректировке коэфф МОЖЕТ принимать значения >1, если у ИПЕМ он <=1, т.е. груз нечувствителен
A4: ЧМ (сырье) | B4: 2 | C4: Кокс каменноугольный | D4: 17103 | E4: Кокс доменный фракции свыше 25 мм | F4: КОКС КАМЕННОУГОЛЬНЫЙ | G4: СВР | H4: СВР | I4: ГУБАХА | J4: СМЫЧКА | K4: 309 | L4: Полувагоны | M4: Внутр. перевозки | N4: вагонная | O4: Южное | P4: '000053496484 | Q4: 'ОАО "Губахинский кокс" | R4: ЗАО "Стройсервис" | S4: 108133 | T4: 33413188 | U4: 2161 | V4: 0 | W4: 56573433 | X4: 52 | Y4: групповая | Z4: 4 | AA4: 4 | AB4: 4 | AC4: 555.75 | AD4: =AE4-AC4 | AE4: 698.02 | AF4: =(Z4+AA4+AB4)*'Ставки аренды'!$B$3/X4 | AG4: 0 | AH4: 0 | AI4: =0.855*AJ4 | AJ4: =Цены!$D$9 | AK4: =AJ4/Цены!$B$1 | AL4: =AE4+AF4+AG4 | AM4: =AJ4-AL4 | AN4: =AI4+AH4+AG4+AF4+AE4 | AO4: =(AJ4-AN4)/AJ4 | AP4: =AL4/AJ4 | AQ4: =AE4/AJ4 | AR4: =AE4/AL4 | AS4: 1 | AT4: =S4*AS4 | AU4: 0.9 | AV4: =(AJ4-(AE4*(1+$IS$2)+AF4+AG4+AH4+AI4))/AJ4 | AW4: =(AE4*(1+$IS$2)+AF4+AG4)/AJ4 | AX4: =(AE4*(1+$IS$2))/AJ4 | AY4: =(AE4*(1+$IS$2))/(AE4*(1+$IS$2)+AF4+AG4) | AZ4: =MIN(IF($AU4=100%,1,1+VLOOKUP(($AJ4-$AI4-$AH4-$AG4-$AF4-$AE4*(1+AZ$3))/$AJ4,'Технический лист'!$A:$B,2,1)-VLOOKUP($AO4,'Технический лист'!$A:$B,2,1)),1+(1-$AU4)) | BA4: =MIN(IF($AU4=100%,1,1+VLOOKUP(($AJ4-$AI4-$AH4-$AG4-$AF4-$AE4*(1+BA$3))/$AJ4,'Технический лист'!$A:$B,2,1)-VLOOKUP($AO4,'Технический лист'!$A:$B,2,1)),1+(1-$AU4)) | BB4: =MIN(IF($AU4=100%,1,1+VLOOKUP(($AJ4-$AI4-$AH4-$AG4-$AF4-$AE4*(1+BB$3))/$AJ4,'Технический лист'!$A:$B,2,1)-VLOOKUP($AO4,'Технический лист'!$A:$B,2,1)),1+(1-$AU4)) | BC4: =MIN(IF($AU4=100%,1,1+VLOOKUP(($AJ4-$AI4-$AH4-$AG4-$AF4-$AE4*(1+BC$3))/$AJ4,'Технический лист'!$A:$B,2,1)-VLOOKUP($AO4,'Технический лист'!$A:$B,2,1)),1+(1-$AU4)) | BD4: =MIN(IF($AU4=100%,1,1+VLOOKUP(($AJ4-$AI4-$AH4-$AG4-$AF4-$AE4*(1+BD$3))/$AJ4,'Технический лист'!$A:$B,2,1)-VLOOKUP($AO4,'Технический лист'!$A:$B,2,1)),1+(1-$AU4)) | BE4: =MIN(IF($AU4=100%,1,1+VLOOKUP(($AJ4-$AI4-$AH4-$AG4-$AF4-$AE4*(1+BE$3))/$AJ4,'Технический лист'!$A:$B,2,1)-VLOOKUP($AO4,'Технический лист'!$A:$B,2,1)),1+(1-$AU4)) | BF4: =MIN(IF($AU4=100%,1,1+VLOOKUP(($AJ4-$AI4-$AH4-$AG4-$AF4-$AE4*(1+BF$3))/$AJ4,'Технический лист'!$A:$B,2,1)-VLOOKUP($AO4,'Технический лист'!$A:$B,2,1)),1+(1-$AU4)) | BG4: =MIN(IF($AU4=100%,1,1+VLOOKUP(($AJ4-$AI4-$AH4-$AG4-$AF4-$AE4*(1+BG$3))/$AJ4,'Технический лист'!$A:$B,2,1)-VLOOKUP($AO4,'Технический лист'!$A:$B,2,1)),1+(1-$AU4)) | ... EU4: =MIN(IF($AU4=100%,1,1+VLOOKUP(($AJ4-$AI4-$AH4-$AG4-$AF4-$AE4*(1+EU$3))/$AJ4,'Технический лист'!$A:$B,2,1)-VLOOKUP($AO4,'Технический лист'!$A:$B,2,1)),1+(1-$AU4)) | EV4: 1 | EW4: =MIN(1,MAX(VLOOKUP(($AJ4-$AI4-$AH4-$AG4-$AF4-$AE4*(1+EW$3))/$AJ4,'Технический лист'!$A:$B,2,1),(EV4-0.05))) | EX4: =MIN(1,MAX(VLOOKUP(($AJ4-$AI4-$AH4-$AG4-$AF4-$AE4*(1+EX$3))/$AJ4,'Технический лист'!$A:$B,2,1),(EW4-0.05))) | EY4: =MIN(1,MAX(VLOOKUP(($AJ4-$AI4-$AH4-$AG4-$AF4-$AE4*(1+EY$3))/$AJ4,'Технический лист'!$A:$B,2,1),(EX4-0.05))) | EZ4: =MIN(1,MAX(VLOOKUP(($AJ4-$AI4-$AH4-$AG4-$AF4-$AE4*(1+EZ$3))/$AJ4,'Технический лист'!$A:$B,2,1),(EY4-0.05))) | FA4: =MIN(1,MAX(VLOOKUP(($AJ4-$AI4-$AH4-$AG4-$AF4-$AE4*(1+FA$3))/$AJ4,'Технический лист'!$A:$B,2,1),(EZ4-0.05))) | FB4: =MIN(1,MAX(VLOOKUP(($AJ4-$AI4-$AH4-$AG4-$AF4-$AE4*(1+FB$3))/$AJ4,'Технический лист'!$A:$B,2,1),(FA4-0.05))) | FC4: =MIN(1,MAX(VLOOKUP(($AJ4-$AI4-$AH4-$AG4-$AF4-$AE4*(1+FC$3))/$AJ4,'Технический лист'!$A:$B,2,1),(FB4-0.05))) | FD4: =MIN(1,MAX(VLOOKUP(($AJ4-$AI4-$AH4-$AG4-$AF4-$AE4*(1+FD$3))/$AJ4,'Технический лист'!$A:$B,2,1),(FC4-0.05))) | ... IR4: =MIN(1,MAX(VLOOKUP(($AJ4-$AI4-$AH4-$AG4-$AF4-$AE4*(1+IR$3))/$AJ4,'Технический лист'!$A:$B,2,1),(IQ4-0.05)))
A5: ЧМ (сырье) | B5: 2 | C5: Кокс каменноугольный | D5: 17103 | E5: Кокс доменный фракции свыше 25 мм | F5: КОКС КАМЕННОУГОЛЬНЫЙ | G5: СВР | H5: МСК | I5: ГУБАХА | J5: ЯСНАЯ ПОЛЯНА | K5: 1800 | L5: Полувагоны | M5: Внутр. перевозки | N5: вагонная | O5: Северо-Западное | P5: '000053496484 | Q5: 'ОАО "Губахинский кокс" | R5: ЗАО "Стройсервис" | S5: 127346 | T5: 229253986 | U5: 2434 | V5: 0 | W5: 186802087 | X5: 52 | Y5: групповая | Z5: 8 | AA5: 6 | AB5: 4 | AC5: 1614.63 | AD5: =AE5-AC5 | AE5: 2298.48 | AF5: =(Z5+AA5+AB5)*'Ставки аренды'!$B$3/X5 | AG5: 0 | AH5: 0 | AI5: =0.855*AJ5 | AJ5: =Цены!$D$9 | AK5: =AJ5/Цены!$B$1 | AL5: =AE5+AF5+AG5 | AM5: =AJ5-AL5 | AN5: =AI5+AH5+AG5+AF5+AE5 | AO5: =(AJ5-AN5)/AJ5 | AP5: =AL5/AJ5 | AQ5: =AE5/AJ5 | AR5: =AE5/AL5 | AS5: 1 | AT5: =S5*AS5 | AU5: 0.9 | AV5: =(AJ5-(AE5*(1+$IS$2)+AF5+AG5+AH5+AI5))/AJ5 | AW5: =(AE5*(1+$IS$2)+AF5+AG5)/AJ5 | AX5: =(AE5*(1+$IS$2))/AJ5 | AY5: =(AE5*(1+$IS$2))/(AE5*(1+$IS$2)+AF5+AG5) | AZ5: =MIN(IF($AU5=100%,1,1+VLOOKUP(($AJ5-$AI5-$AH5-$AG5-$AF5-$AE5*(1+AZ$3))/$AJ5,'Технический лист'!$A:$B,2,1)-VLOOKUP($AO5,'Технический лист'!$A:$B,2,1)),1+(1-$AU5)) | BA5: =MIN(IF($AU5=100%,1,1+VLOOKUP(($AJ5-$AI5-$AH5-$AG5-$AF5-$AE5*(1+BA$3))/$AJ5,'Технический лист'!$A:$B,2,1)-VLOOKUP($AO5,'Технический лист'!$A:$B,2,1)),1+(1-$AU5)) | BB5: =MIN(IF($AU5=100%,1,1+VLOOKUP(($AJ5-$AI5-$AH5-$AG5-$AF5-$AE5*(1+BB$3))/$AJ5,'Технический лист'!$A:$B,2,1)-VLOOKUP($AO5,'Технический лист'!$A:$B,2,1)),1+(1-$AU5)) | BC5: =MIN(IF($AU5=100%,1,1+VLOOKUP(($AJ5-$AI5-$AH5-$AG5-$AF5-$AE5*(1+BC$3))/$AJ5,'Технический лист'!$A:$B,2,1)-VLOOKUP($AO5,'Технический лист'!$A:$B,2,1)),1+(1-$AU5)) | BD5: =MIN(IF($AU5=100%,1,1+VLOOKUP(($AJ5-$AI5-$AH5-$AG5-$AF5-$AE5*(1+BD$3))/$AJ5,'Технический лист'!$A:$B,2,1)-VLOOKUP($AO5,'Технический лист'!$A:$B,2,1)),1+(1-$AU5)) | BE5: =MIN(IF($AU5=100%,1,1+VLOOKUP(($AJ5-$AI5-$AH5-$AG5-$AF5-$AE5*(1+BE$3))/$AJ5,'Технический лист'!$A:$B,2,1)-VLOOKUP($AO5,'Технический лист'!$A:$B,2,1)),1+(1-$AU5)) | BF5: =MIN(IF($AU5=100%,1,1+VLOOKUP(($AJ5-$AI5-$AH5-$AG5-$AF5-$AE5*(1+BF$3))/$AJ5,'Технический лист'!$A:$B,2,1)-VLOOKUP($AO5,'Технический лист'!$A:$B,2,1)),1+(1-$AU5)) | BG5: =MIN(IF($AU5=100%,1,1+VLOOKUP(($AJ5-$AI5-$AH5-$AG5-$AF5-$AE5*(1+BG$3))/$AJ5,'Технический лист'!$A:$B,2,1)-VLOOKUP($AO5,'Технический лист'!$A:$B,2,1)),1+(1-$AU5)) | ... EU5: =MIN(IF($AU5=100%,1,1+VLOOKUP(($AJ5-$AI5-$AH5-$AG5-$AF5-$AE5*(1+EU$3))/$AJ5,'Технический лист'!$A:$B,2,1)-VLOOKUP($AO5,'Технический лист'!$A:$B,2,1)),1+(1-$AU5)) | EV5: 1 | EW5: =MIN(1,MAX(VLOOKUP(($AJ5-$AI5-$AH5-$AG5-$AF5-$AE5*(1+EW$3))/$AJ5,'Технический лист'!$A:$B,2,1),(EV5-0.05))) | EX5: =MIN(1,MAX(VLOOKUP(($AJ5-$AI5-$AH5-$AG5-$AF5-$AE5*(1+EX$3))/$AJ5,'Технический лист'!$A:$B,2,1),(EW5-0.05))) | EY5: =MIN(1,MAX(VLOOKUP(($AJ5-$AI5-$AH5-$AG5-$AF5-$AE5*(1+EY$3))/$AJ5,'Технический лист'!$A:$B,2,1),(EX5-0.05))) | EZ5: =MIN(1,MAX(VLOOKUP(($AJ5-$AI5-$AH5-$AG5-$AF5-$AE5*(1+EZ$3))/$AJ5,'Технический лист'!$A:$B,2,1),(EY5-0.05))) | FA5: =MIN(1,MAX(VLOOKUP(($AJ5-$AI5-$AH5-$AG5-$AF5-$AE5*(1+FA$3))/$AJ5,'Технический лист'!$A:$B,2,1),(EZ5-0.05))) | FB5: =MIN(1,MAX(VLOOKUP(($AJ5-$AI5-$AH5-$AG5-$AF5-$AE5*(1+FB$3))/$AJ5,'Технический лист'!$A:$B,2,1),(FA5-0.05))) | FC5: =MIN(1,MAX(VLOOKUP(($AJ5-$AI5-$AH5-$AG5-$AF5-$AE5*(1+FC$3))/$AJ5,'Технический лист'!$A:$B,2,1),(FB5-0.05))) | FD5: =MIN(1,MAX(VLOOKUP(($AJ5-$AI5-$AH5-$AG5-$AF5-$AE5*(1+FD$3))/$AJ5,'Технический лист'!$A:$B,2,1),(FC5-0.05))) | ... IR5: =MIN(1,MAX(VLOOKUP(($AJ5-$AI5-$AH5-$AG5-$AF5-$AE5*(1+IR$3))/$AJ5,'Технический лист'!$A:$B,2,1),(IQ5-0.05)))
A6: ЧМ (сырье) | B6: 2 | C6: Кокс каменноугольный | D6: 17105 | E6: Кокс лигнитовый | F6: КОКС КАМЕННОУГОЛЬНЫЙ | G6: СВР | H6: МСК | I6: ГУБАХА | J6: КРАСНОЕ-ЭКСП | K6: 2237 | L6: Полувагоны | M6: Экспорт | N6: вагонная | O6: Северо-Западное | P6: '000053496484 | Q6: 'ОАО "Губахинский кокс" | R6: ЗАО "Стройсервис" | S6: 2377 | T6: 5315872 | U6: 52 | V6: 0 | W6: 4995010 | X6: 52 | Y6: групповая | Z6: 12 | AA6: 8 | AB6: 4 | AC6: 2011.46 | AD6: =AE6-AC6 | AE6: 2750.4 | AF6: =(Z6+AA6+AB6)*'Ставки аренды'!$B$3/X6 | AG6: 0 | AH6: 0 | AI6: =0.855*AJ6 | AJ6: =Цены!$C$8*'Курсы валют'!$B$2 | AK6: =AJ6/Цены!$B$1 | AL6: =AE6+AF6+AG6 | AM6: =AJ6-AL6 | AN6: =AI6+AH6+AG6+AF6+AE6 | AO6: =(AJ6-AN6)/AJ6 | AP6: =AL6/AJ6 | AQ6: =AE6/AJ6 | AR6: =AE6/AL6 | AS6: 1 | AT6: =S6*AS6 | AU6: 0.9 | AV6: =(AJ6-(AE6*(1+$IS$2)+AF6+AG6+AH6+AI6))/AJ6 | AW6: =(AE6*(1+$IS$2)+AF6+AG6)/AJ6 | AX6: =(AE6*(1+$IS$2))/AJ6 | AY6: =(AE6*(1+$IS$2))/(AE6*(1+$IS$2)+AF6+AG6) | AZ6: =MIN(IF($AU6=100%,1,1+VLOOKUP(($AJ6-$AI6-$AH6-$AG6-$AF6-$AE6*(1+AZ$3))/$AJ6,'Технический лист'!$A:$B,2,1)-VLOOKUP($AO6,'Технический лист'!$A:$B,2,1)),1+(1-$AU6)) | BA6: =MIN(IF($AU6=100%,1,1+VLOOKUP(($AJ6-$AI6-$AH6-$AG6-$AF6-$AE6*(1+BA$3))/$AJ6,'Технический лист'!$A:$B,2,1)-VLOOKUP($AO6,'Технический лист'!$A:$B,2,1)),1+(1-$AU6)) | BB6: =MIN(IF($AU6=100%,1,1+VLOOKUP(($AJ6-$AI6-$AH6-$AG6-$AF6-$AE6*(1+BB$3))/$AJ6,'Технический лист'!$A:$B,2,1)-VLOOKUP($AO6,'Технический лист'!$A:$B,2,1)),1+(1-$AU6)) | BC6: =MIN(IF($AU6=100%,1,1+VLOOKUP(($AJ6-$AI6-$AH6-$AG6-$AF6-$AE6*(1+BC$3))/$AJ6,'Технический лист'!$A:$B,2,1)-VLOOKUP($AO6,'Технический лист'!$A:$B,2,1)),1+(1-$AU6)) | BD6: =MIN(IF($AU6=100%,1,1+VLOOKUP(($AJ6-$AI6-$AH6-$AG6-$AF6-$AE6*(1+BD$3))/$AJ6,'Технический лист'!$A:$B,2,1)-VLOOKUP($AO6,'Технический лист'!$A:$B,2,1)),1+(1-$AU6)) | BE6: =MIN(IF($AU6=100%,1,1+VLOOKUP(($AJ6-$AI6-$AH6-$AG6-$AF6-$AE6*(1+BE$3))/$AJ6,'Технический лист'!$A:$B,2,1)-VLOOKUP($AO6,'Технический лист'!$A:$B,2,1)),1+(1-$AU6)) | BF6: =MIN(IF($AU6=100%,1,1+VLOOKUP(($AJ6-$AI6-$AH6-$AG6-$AF6-$AE6*(1+BF$3))/$AJ6,'Технический лист'!$A:$B,2,1)-VLOOKUP($AO6,'Технический лист'!$A:$B,2,1)),1+(1-$AU6)) | BG6: =MIN(IF($AU6=100%,1,1+VLOOKUP(($AJ6-$AI6-$AH6-$AG6-$AF6-$AE6*(1+BG$3))/$AJ6,'Технический лист'!$A:$B,2,1)-VLOOKUP($AO6,'Технический лист'!$A:$B,2,1)),1+(1-$AU6)) | ... EU6: =MIN(IF($AU6=100%,1,1+VLOOKUP(($AJ6-$AI6-$AH6-$AG6-$AF6-$AE6*(1+EU$3))/$AJ6,'Технический лист'!$A:$B,2,1)-VLOOKUP($AO6,'Технический лист'!$A:$B,2,1)),1+(1-$AU6)) | EV6: 1 | EW6: =MIN(1,MAX(VLOOKUP(($AJ6-$AI6-$AH6-$AG6-$AF6-$AE6*(1+EW$3))/$AJ6,'Технический лист'!$A:$B,2,1),(EV6-0.05))) | EX6: =MIN(1,MAX(VLOOKUP(($AJ6-$AI6-$AH6-$AG6-$AF6-$AE6*(1+EX$3))/$AJ6,'Технический лист'!$A:$B,2,1),(EW6-0.05))) | EY6: =MIN(1,MAX(VLOOKUP(($AJ6-$AI6-$AH6-$AG6-$AF6-$AE6*(1+EY$3))/$AJ6,'Технический лист'!$A:$B,2,1),(EX6-0.05))) | EZ6: =MIN(1,MAX(VLOOKUP(($AJ6-$AI6-$AH6-$AG6-$AF6-$AE6*(1+EZ$3))/$AJ6,'Технический лист'!$A:$B,2,1),(EY6-0.05))) | FA6: =MIN(1,MAX(VLOOKUP(($AJ6-$AI6-$AH6-$AG6-$AF6-$AE6*(1+FA$3))/$AJ6,'Технический лист'!$A:$B,2,1),(EZ6-0.05))) | FB6: =MIN(1,MAX(VLOOKUP(($AJ6-$AI6-$AH6-$AG6-$AF6-$AE6*(1+FB$3))/$AJ6,'Технический лист'!$A:$B,2,1),(FA6-0.05))) | FC6: =MIN(1,MAX(VLOOKUP(($AJ6-$AI6-$AH6-$AG6-$AF6-$AE6*(1+FC$3))/$AJ6,'Технический лист'!$A:$B,2,1),(FB6-0.05))) | FD6: =MIN(1,MAX(VLOOKUP(($AJ6-$AI6-$AH6-$AG6-$AF6-$AE6*(1+FD$3))/$AJ6,'Технический лист'!$A:$B,2,1),(FC6-0.05))) | ... IR6: =MIN(1,MAX(VLOOKUP(($AJ6-$AI6-$AH6-$AG6-$AF6-$AE6*(1+IR$3))/$AJ6,'Технический лист'!$A:$B,2,1),(IQ6-0.05)))
A7: ЧМ (сырье) | B7: 2 | C7: Кокс каменноугольный | D7: 17108 | E7: Кокс литейный КЛ-3 | F7: КОКС КАМЕННОУГОЛЬНЫЙ | G7: СВР | H7: СВР | I7: СМЫЧКА | J7: КАЧКАНАР | K7: 103 | L7: Полувагоны | M7: Внутр. перевозки | N7: вагонная | O7: Южное | P7: '000000186269 | Q7: АО "ЕВРАЗ НТМК" | R7: ООО "ЕвразХолдинг" | S7: 107630 | T7: 11085971 | U7: 1721 | V7: 0 | W7: 26484037 | X7: 62 | Y7: маршрутная | Z7: 3 | AA7: 3 | AB7: 4 | AC7: 278.6 | AD7: =AE7-AC7 | AE7: 335.73 | AF7: =(Z7+AA7+AB7)*'Ставки аренды'!$B$3/X7 | AG7: 0 | AH7: 0 | AI7: =0.71*AVERAGE(AJ7,AJ8) | AJ7: =Цены!$D$9 | AK7: =AJ7/Цены!$B$1 | AL7: =AE7+AF7+AG7 | AM7: =AJ7-AL7 | AN7: =AI7+AH7+AG7+AF7+AE7 | AO7: =(AJ7-AN7)/AJ7 | AP7: =AL7/AJ7 | AQ7: =AE7/AJ7 | AR7: =AE7/AL7 | AS7: 1 | AT7: =S7*AS7 | AU7: 1 | AV7: =(AJ7-(AE7*(1+$IS$2)+AF7+AG7+AH7+AI7))/AJ7 | AW7: =(AE7*(1+$IS$2)+AF7+AG7)/AJ7 | AX7: =(AE7*(1+$IS$2))/AJ7 | AY7: =(AE7*(1+$IS$2))/(AE7*(1+$IS$2)+AF7+AG7) | AZ7: =MIN(IF($AU7=100%,1,1+VLOOKUP(($AJ7-$AI7-$AH7-$AG7-$AF7-$AE7*(1+AZ$3))/$AJ7,'Технический лист'!$A:$B,2,1)-VLOOKUP($AO7,'Технический лист'!$A:$B,2,1)),1+(1-$AU7)) | BA7: =MIN(IF($AU7=100%,1,1+VLOOKUP(($AJ7-$AI7-$AH7-$AG7-$AF7-$AE7*(1+BA$3))/$AJ7,'Технический лист'!$A:$B,2,1)-VLOOKUP($AO7,'Технический лист'!$A:$B,2,1)),1+(1-$AU7)) | BB7: =MIN(IF($AU7=100%,1,1+VLOOKUP(($AJ7-$AI7-$AH7-$AG7-$AF7-$AE7*(1+BB$3))/$AJ7,'Технический лист'!$A:$B,2,1)-VLOOKUP($AO7,'Технический лист'!$A:$B,2,1)),1+(1-$AU7)) | BC7: =MIN(IF($AU7=100%,1,1+VLOOKUP(($AJ7-$AI7-$AH7-$AG7-$AF7-$AE7*(1+BC$3))/$AJ7,'Технический лист'!$A:$B,2,1)-VLOOKUP($AO7,'Технический лист'!$A:$B,2,1)),1+(1-$AU7)) | BD7: =MIN(IF($AU7=100%,1,1+VLOOKUP(($AJ7-$AI7-$AH7-$AG7-$AF7-$AE7*(1+BD$3))/$AJ7,'Технический лист'!$A:$B,2,1)-VLOOKUP($AO7,'Технический лист'!$A:$B,2,1)),1+(1-$AU7)) | BE7: =MIN(IF($AU7=100%,1,1+VLOOKUP(($AJ7-$AI7-$AH7-$AG7-$AF7-$AE7*(1+BE$3))/$AJ7,'Технический лист'!$A:$B,2,1)-VLOOKUP($AO7,'Технический лист'!$A:$B,2,1)),1+(1-$AU7)) | BF7: =MIN(IF($AU7=100%,1,1+VLOOKUP(($AJ7-$AI7-$AH7-$AG7-$AF7-$AE7*(1+BF$3))/$AJ7,'Технический лист'!$A:$B,2,1)-VLOOKUP($AO7,'Технический лист'!$A:$B,2,1)),1+(1-$AU7)) | BG7: =MIN(IF($AU7=100%,1,1+VLOOKUP(($AJ7-$AI7-$AH7-$AG7-$AF7-$AE7*(1+BG$3))/$AJ7,'Технический лист'!$A:$B,2,1)-VLOOKUP($AO7,'Технический лист'!$A:$B,2,1)),1+(1-$AU7)) | ... EU7: =MIN(IF($AU7=100%,1,1+VLOOKUP(($AJ7-$AI7-$AH7-$AG7-$AF7-$AE7*(1+EU$3))/$AJ7,'Технический лист'!$A:$B,2,1)-VLOOKUP($AO7,'Технический лист'!$A:$B,2,1)),1+(1-$AU7)) | EV7: 1 | EW7: =MIN(1,MAX(VLOOKUP(($AJ7-$AI7-$AH7-$AG7-$AF7-$AE7*(1+EW$3))/$AJ7,'Технический лист'!$A:$B,2,1),(EV7-0.05))) | EX7: =MIN(1,MAX(VLOOKUP(($AJ7-$AI7-$AH7-$AG7-$AF7-$AE7*(1+EX$3))/$AJ7,'Технический лист'!$A:$B,2,1),(EW7-0.05))) | EY7: =MIN(1,MAX(VLOOKUP(($AJ7-$AI7-$AH7-$AG7-$AF7-$AE7*(1+EY$3))/$AJ7,'Технический лист'!$A:$B,2,1),(EX7-0.05))) | EZ7: =MIN(1,MAX(VLOOKUP(($AJ7-$AI7-$AH7-$AG7-$AF7-$AE7*(1+EZ$3))/$AJ7,'Технический лист'!$A:$B,2,1),(EY7-0.05))) | FA7: =MIN(1,MAX(VLOOKUP(($AJ7-$AI7-$AH7-$AG7-$AF7-$AE7*(1+FA$3))/$AJ7,'Технический лист'!$A:$B,2,1),(EZ7-0.05))) | FB7: =MIN(1,MAX(VLOOKUP(($AJ7-$AI7-$AH7-$AG7-$AF7-$AE7*(1+FB$3))/$AJ7,'Технический лист'!$A:$B,2,1),(FA7-0.05))) | FC7: =MIN(1,MAX(VLOOKUP(($AJ7-$AI7-$AH7-$AG7-$AF7-$AE7*(1+FC$3))/$AJ7,'Технический лист'!$A:$B,2,1),(FB7-0.05))) | FD7: =MIN(1,MAX(VLOOKUP(($AJ7-$AI7-$AH7-$AG7-$AF7-$AE7*(1+FD$3))/$AJ7,'Технический лист'!$A:$B,2,1),(FC7-0.05))) | ... IR7: =MIN(1,MAX(VLOOKUP(($AJ7-$AI7-$AH7-$AG7-$AF7-$AE7*(1+IR$3))/$AJ7,'Технический лист'!$A:$B,2,1),(IQ7-0.05)))
A8: ЧМ (сырье) | B8: 2 | C8: Кокс каменноугольный | D8: 17108 | E8: Кокс литейный КЛ-3 | F8: КОКС КАМЕННОУГОЛЬНЫЙ | G8: СВР | H8: ЮУР | I8: СМЫЧКА | J8: КАРТ1-ЭК-РОС | K8: 715 | L8: Полувагоны | M8: Экспорт | N8: вагонная | O8: Южное | P8: '000080294056 | Q8: ООО "ЕвразХолдинг" | R8: ООО "ЕвразХолдинг" | S8: 15408 | T8: 11018927 | U8: 254 | V8: 0 | W8: 11679155 | X8: 56 | Y8: групповая | Z8: 5 | AA8: 3 | AB8: 4 | AC8: 889.96 | AD8: =AE8-AC8 | AE8: 1157.75 | AF8: =(Z8+AA8+AB8)*'Ставки аренды'!$B$3/X8 | AG8: 0 | AH8: 0 | AI8: =0.71*AVERAGE(AJ7,AJ8) | AJ8: =Цены!$C$8*'Курсы валют'!$B$2 | AK8: =AJ8/Цены!$B$1 | AL8: =AE8+AF8+AG8 | AM8: =AJ8-AL8 | AN8: =AI8+AH8+AG8+AF8+AE8 | AO8: =(AJ8-AN8)/AJ8 | AP8: =AL8/AJ8 | AQ8: =AE8/AJ8 | AR8: =AE8/AL8 | AS8: 1 | AT8: =S8*AS8 | AU8: 0.85 | AV8: =(AJ8-(AE8*(1+$IS$2)+AF8+AG8+AH8+AI8))/AJ8 | AW8: =(AE8*(1+$IS$2)+AF8+AG8)/AJ8 | AX8: =(AE8*(1+$IS$2))/AJ8 | AY8: =(AE8*(1+$IS$2))/(AE8*(1+$IS$2)+AF8+AG8) | AZ8: =MIN(IF($AU8=100%,1,1+VLOOKUP(($AJ8-$AI8-$AH8-$AG8-$AF8-$AE8*(1+AZ$3))/$AJ8,'Технический лист'!$A:$B,2,1)-VLOOKUP($AO8,'Технический лист'!$A:$B,2,1)),1+(1-$AU8)) | BA8: =MIN(IF($AU8=100%,1,1+VLOOKUP(($AJ8-$AI8-$AH8-$AG8-$AF8-$AE8*(1+BA$3))/$AJ8,'Технический лист'!$A:$B,2,1)-VLOOKUP($AO8,'Технический лист'!$A:$B,2,1)),1+(1-$AU8)) | BB8: =MIN(IF($AU8=100%,1,1+VLOOKUP(($AJ8-$AI8-$AH8-$AG8-$AF8-$AE8*(1+BB$3))/$AJ8,'Технический лист'!$A:$B,2,1)-VLOOKUP($AO8,'Технический лист'!$A:$B,2,1)),1+(1-$AU8)) | BC8: =MIN(IF($AU8=100%,1,1+VLOOKUP(($AJ8-$AI8-$AH8-$AG8-$AF8-$AE8*(1+BC$3))/$AJ8,'Технический лист'!$A:$B,2,1)-VLOOKUP($AO8,'Технический лист'!$A:$B,2,1)),1+(1-$AU8)) | BD8: =MIN(IF($AU8=100%,1,1+VLOOKUP(($AJ8-$AI8-$AH8-$AG8-$AF8-$AE8*(1+BD$3))/$AJ8,'Технический лист'!$A:$B,2,1)-VLOOKUP($AO8,'Технический лист'!$A:$B,2,1)),1+(1-$AU8)) | BE8: =MIN(IF($AU8=100%,1,1+VLOOKUP(($AJ8-$AI8-$AH8-$AG8-$AF8-$AE8*(1+BE$3))/$AJ8,'Технический лист'!$A:$B,2,1)-VLOOKUP($AO8,'Технический лист'!$A:$B,2,1)),1+(1-$AU8)) | BF8: =MIN(IF($AU8=100%,1,1+VLOOKUP(($AJ8-$AI8-$AH8-$AG8-$AF8-$AE8*(1+BF$3))/$AJ8,'Технический лист'!$A:$B,2,1)-VLOOKUP($AO8,'Технический лист'!$A:$B,2,1)),1+(1-$AU8)) | BG8: =MIN(IF($AU8=100%,1,1+VLOOKUP(($AJ8-$AI8-$AH8-$AG8-$AF8-$AE8*(1+BG$3))/$AJ8,'Технический лист'!$A:$B,2,1)-VLOOKUP($AO8,'Технический лист'!$A:$B,2,1)),1+(1-$AU8)) | ... EU8: =MIN(IF($AU8=100%,1,1+VLOOKUP(($AJ8-$AI8-$AH8-$AG8-$AF8-$AE8*(1+EU$3))/$AJ8,'Технический лист'!$A:$B,2,1)-VLOOKUP($AO8,'Технический лист'!$A:$B,2,1)),1+(1-$AU8)) | EV8: 1 | EW8: =MIN(1,MAX(VLOOKUP(($AJ8-$AI8-$AH8-$AG8-$AF8-$AE8*(1+EW$3))/$AJ8,'Технический лист'!$A:$B,2,1),(EV8-0.05))) | EX8: =MIN(1,MAX(VLOOKUP(($AJ8-$AI8-$AH8-$AG8-$AF8-$AE8*(1+EX$3))/$AJ8,'Технический лист'!$A:$B,2,1),(EW8-0.05))) | EY8: =MIN(1,MAX(VLOOKUP(($AJ8-$AI8-$AH8-$AG8-$AF8-$AE8*(1+EY$3))/$AJ8,'Технический лист'!$A:$B,2,1),(EX8-0.05))) | EZ8: =MIN(1,MAX(VLOOKUP(($AJ8-$AI8-$AH8-$AG8-$AF8-$AE8*(1+EZ$3))/$AJ8,'Технический лист'!$A:$B,2,1),(EY8-0.05))) | FA8: =MIN(1,MAX(VLOOKUP(($AJ8-$AI8-$AH8-$AG8-$AF8-$AE8*(1+FA$3))/$AJ8,'Технический лист'!$A:$B,2,1),(EZ8-0.05))) | FB8: =MIN(1,MAX(VLOOKUP(($AJ8-$AI8-$AH8-$AG8-$AF8-$AE8*(1+FB$3))/$AJ8,'Технический лист'!$A:$B,2,1),(FA8-0.05))) | FC8: =MIN(1,MAX(VLOOKUP(($AJ8-$AI8-$AH8-$AG8-$AF8-$AE8*(1+FC$3))/$AJ8,'Технический лист'!$A:$B,2,1),(FB8-0.05))) | FD8: =MIN(1,MAX(VLOOKUP(($AJ8-$AI8-$AH8-$AG8-$AF8-$AE8*(1+FD$3))/$AJ8,'Технический лист'!$A:$B,2,1),(FC8-0.05))) | ... IR8: =MIN(1,MAX(VLOOKUP(($AJ8-$AI8-$AH8-$AG8-$AF8-$AE8*(1+IR$3))/$AJ8,'Технический лист'!$A:$B,2,1),(IQ8-0.05)))
A9: ЧМ (сырье) | B9: 2 | C9: Кокс каменноугольный | D9: 17106 | E9: Кокс литейный КЛ-1 | F9: КОКС КАМЕННОУГОЛЬНЫЙ | G9: СВР | H9: ВСБ | I9: СМЫЧКА | J9: ГОНЧАРОВО | K9: 3548 | L9: Полувагоны | M9: Внутр. перевозки | N9: вагонная | O9: Восточное | P9: '000080294056 | Q9: ООО "ЕвразХолдинг" | R9: ООО "ЕвразХолдинг" | S9: 4069 | T9: 14438053 | U9: 70 | V9: 0 | W9: 8422842 | X9: 56 | Y9: групповая | Z9: 12 | AA9: 10 | AB9: 4 | AC9: 2331.39 | AD9: =AE9-AC9 | AE9: 3199.73 | AF9: =(Z9+AA9+AB9)*'Ставки аренды'!$B$3/X9 | AG9: 0 | AH9: 0 | AI9: =0.71*AVERAGE(AJ7,AJ8) | AJ9: =Цены!$D$9 | AK9: =AJ9/Цены!$B$1 | AL9: =AE9+AF9+AG9 | AM9: =AJ9-AL9 | AN9: =AI9+AH9+AG9+AF9+AE9 | AO9: =(AJ9-AN9)/AJ9 | AP9: =AL9/AJ9 | AQ9: =AE9/AJ9 | AR9: =AE9/AL9 | AS9: 1 | AT9: =S9*AS9 | AU9: 0.85 | AV9: =(AJ9-(AE9*(1+$IS$2)+AF9+AG9+AH9+AI9))/AJ9 | AW9: =(AE9*(1+$IS$2)+AF9+AG9)/AJ9 | AX9: =(AE9*(1+$IS$2))/AJ9 | AY9: =(AE9*(1+$IS$2))/(AE9*(1+$IS$2)+AF9+AG9) | AZ9: =MIN(IF($AU9=100%,1,1+VLOOKUP(($AJ9-$AI9-$AH9-$AG9-$AF9-$AE9*(1+AZ$3))/$AJ9,'Технический лист'!$A:$B,2,1)-VLOOKUP($AO9,'Технический лист'!$A:$B,2,1)),1+(1-$AU9)) | BA9: =MIN(IF($AU9=100%,1,1+VLOOKUP(($AJ9-$AI9-$AH9-$AG9-$AF9-$AE9*(1+BA$3))/$AJ9,'Технический лист'!$A:$B,2,1)-VLOOKUP($AO9,'Технический лист'!$A:$B,2,1)),1+(1-$AU9)) | BB9: =MIN(IF($AU9=100%,1,1+VLOOKUP(($AJ9-$AI9-$AH9-$AG9-$AF9-$AE9*(1+BB$3))/$AJ9,'Технический лист'!$A:$B,2,1)-VLOOKUP($AO9,'Технический лист'!$A:$B,2,1)),1+(1-$AU9)) | BC9: =MIN(IF($AU9=100%,1,1+VLOOKUP(($AJ9-$AI9-$AH9-$AG9-$AF9-$AE9*(1+BC$3))/$AJ9,'Технический лист'!$A:$B,2,1)-VLOOKUP($AO9,'Технический лист'!$A:$B,2,1)),1+(1-$AU9)) | BD9: =MIN(IF($AU9=100%,1,1+VLOOKUP(($AJ9-$AI9-$AH9-$AG9-$AF9-$AE9*(1+BD$3))/$AJ9,'Технический лист'!$A:$B,2,1)-VLOOKUP($AO9,'Технический лист'!$A:$B,2,1)),1+(1-$AU9)) | BE9: =MIN(IF($AU9=100%,1,1+VLOOKUP(($AJ9-$AI9-$AH9-$AG9-$AF9-$AE9*(1+BE$3))/$AJ9,'Технический лист'!$A:$B,2,1)-VLOOKUP($AO9,'Технический лист'!$A:$B,2,1)),1+(1-$AU9)) | BF9: =MIN(IF($AU9=100%,1,1+VLOOKUP(($AJ9-$AI9-$AH9-$AG9-$AF9-$AE9*(1+BF$3))/$AJ9,'Технический лист'!$A:$B,2,1)-VLOOKUP($AO9,'Технический лист'!$A:$B,2,1)),1+(1-$AU9)) | BG9: =MIN(IF($AU9=100%,1,1+VLOOKUP(($AJ9-$AI9-$AH9-$AG9-$AF9-$AE9*(1+BG$3))/$AJ9,'Технический лист'!$A:$B,2,1)-VLOOKUP($AO9,'Технический лист'!$A:$B,2,1)),1+(1-$AU9)) | ... EU9: =MIN(IF($AU9=100%,1,1+VLOOKUP(($AJ9-$AI9-$AH9-$AG9-$AF9-$AE9*(1+EU$3))/$AJ9,'Технический лист'!$A:$B,2,1)-VLOOKUP($AO9,'Технический лист'!$A:$B,2,1)),1+(1-$AU9)) | EV9: 1 | EW9: =MIN(1,MAX(VLOOKUP(($AJ9-$AI9-$AH9-$AG9-$AF9-$AE9*(1+EW$3))/$AJ9,'Технический лист'!$A:$B,2,1),(EV9-0.05))) | EX9: =MIN(1,MAX(VLOOKUP(($AJ9-$AI9-$AH9-$AG9-$AF9-$AE9*(1+EX$3))/$AJ9,'Технический лист'!$A:$B,2,1),(EW9-0.05))) | EY9: =MIN(1,MAX(VLOOKUP(($AJ9-$AI9-$AH9-$AG9-$AF9-$AE9*(1+EY$3))/$AJ9,'Технический лист'!$A:$B,2,1),(EX9-0.05))) | EZ9: =MIN(1,MAX(VLOOKUP(($AJ9-$AI9-$AH9-$AG9-$AF9-$AE9*(1+EZ$3))/$AJ9,'Технический лист'!$A:$B,2,1),(EY9-0.05))) | FA9: =MIN(1,MAX(VLOOKUP(($AJ9-$AI9-$AH9-$AG9-$AF9-$AE9*(1+FA$3))/$AJ9,'Технический лист'!$A:$B,2,1),(EZ9-0.05))) | FB9: =MIN(1,MAX(VLOOKUP(($AJ9-$AI9-$AH9-$AG9-$AF9-$AE9*(1+FB$3))/$AJ9,'Технический лист'!$A:$B,2,1),(FA9-0.05))) | FC9: =MIN(1,MAX(VLOOKUP(($AJ9-$AI9-$AH9-$AG9-$AF9-$AE9*(1+FC$3))/$AJ9,'Технический лист'!$A:$B,2,1),(FB9-0.05))) | FD9: =MIN(1,MAX(VLOOKUP(($AJ9-$AI9-$AH9-$AG9-$AF9-$AE9*(1+FD$3))/$AJ9,'Технический лист'!$A:$B,2,1),(FC9-0.05))) | ... IR9: =MIN(1,MAX(VLOOKUP(($AJ9-$AI9-$AH9-$AG9-$AF9-$AE9*(1+IR$3))/$AJ9,'Технический лист'!$A:$B,2,1),(IQ9-0.05)))
A10: ЧМ (сырье) | B10: 2 | C10: Кокс каменноугольный | D10: 17107 | E10: Кокс литейный КЛ-2 | F10: КОКС КАМЕННОУГОЛЬНЫЙ | G10: СВР | H10: СВР | I10: ТЮМЕНЬ-СЕВЕР | J10: УАЗ | K10: 297 | L10: Полувагоны | M10: Внутр. перевозки | N10: вагонная | O10: Южное | P10: '000027958866 | Q10: АО "Антипинский НПЗ" | R10: ООО "РИ-ИНВЕСТ" | S10: 2318 | T10: 688462 | U10: 36 | V10: 0 | W10: 941063 | X10: 64 | Y10: групповая | Z10: 4 | AA10: 4 | AB10: 4 | AC10: 447.67 | AD10: =AE10-AC10 | AE10: 553.14 | AF10: =(Z10+AA10+AB10)*'Ставки аренды'!$B$3/X10 | AG10: 0 | AH10: 0 | AI10: =0.95*AVERAGE(AJ10,AJ11) | AJ10: =Цены!$D$9 | AK10: =AJ10/Цены!$B$1 | AL10: =AE10+AF10+AG10 | AM10: =AJ10-AL10 | AN10: =AI10+AH10+AG10+AF10+AE10 | AO10: =(AJ10-AN10)/AJ10 | AP10: =AL10/AJ10 | AQ10: =AE10/AJ10 | AR10: =AE10/AL10 | AS10: 1 | AT10: =S10*AS10 | AU10: 0.95 | AV10: =(AJ10-(AE10*(1+$IS$2)+AF10+AG10+AH10+AI10))/AJ10 | AW10: =(AE10*(1+$IS$2)+AF10+AG10)/AJ10 | AX10: =(AE10*(1+$IS$2))/AJ10 | AY10: =(AE10*(1+$IS$2))/(AE10*(1+$IS$2)+AF10+AG10) | AZ10: =MIN(IF($AU10=100%,1,1+VLOOKUP(($AJ10-$AI10-$AH10-$AG10-$AF10-$AE10*(1+AZ$3))/$AJ10,'Технический лист'!$A:$B,2,1)-VLOOKUP($AO10,'Технический лист'!$A:$B,2,1)),1+(1-$AU10)) | BA10: =MIN(IF($AU10=100%,1,1+VLOOKUP(($AJ10-$AI10-$AH10-$AG10-$AF10-$AE10*(1+BA$3))/$AJ10,'Технический лист'!$A:$B,2,1)-VLOOKUP($AO10,'Технический лист'!$A:$B,2,1)),1+(1-$AU10)) | BB10: =MIN(IF($AU10=100%,1,1+VLOOKUP(($AJ10-$AI10-$AH10-$AG10-$AF10-$AE10*(1+BB$3))/$AJ10,'Технический лист'!$A:$B,2,1)-VLOOKUP($AO10,'Технический лист'!$A:$B,2,1)),1+(1-$AU10)) | BC10: =MIN(IF($AU10=100%,1,1+VLOOKUP(($AJ10-$AI10-$AH10-$AG10-$AF10-$AE10*(1+BC$3))/$AJ10,'Технический лист'!$A:$B,2,1)-VLOOKUP($AO10,'Технический лист'!$A:$B,2,1)),1+(1-$AU10)) | BD10: =MIN(IF($AU10=100%,1,1+VLOOKUP(($AJ10-$AI10-$AH10-$AG10-$AF10-$AE10*(1+BD$3))/$AJ10,'Технический лист'!$A:$B,2,1)-VLOOKUP($AO10,'Технический лист'!$A:$B,2,1)),1+(1-$AU10)) | BE10: =MIN(IF($AU10=100%,1,1+VLOOKUP(($AJ10-$AI10-$AH10-$AG10-$AF10-$AE10*(1+BE$3))/$AJ10,'Технический лист'!$A:$B,2,1)-VLOOKUP($AO10,'Технический лист'!$A:$B,2,1)),1+(1-$AU10)) | BF10: =MIN(IF($AU10=100%,1,1+VLOOKUP(($AJ10-$AI10-$AH10-$AG10-$AF10-$AE10*(1+BF$3))/$AJ10,'Технический лист'!$A:$B,2,1)-VLOOKUP($AO10,'Технический лист'!$A:$B,2,1)),1+(1-$AU10)) | BG10: =MIN(IF($AU10=100%,1,1+VLOOKUP(($AJ10-$AI10-$AH10-$AG10-$AF10-$AE10*(1+BG$3))/$AJ10,'Технический лист'!$A:$B,2,1)-VLOOKUP($AO10,'Технический лист'!$A:$B,2,1)),1+(1-$AU10)) | ... EU10: =MIN(IF($AU10=100%,1,1+VLOOKUP(($AJ10-$AI10-$AH10-$AG10-$AF10-$AE10*(1+EU$3))/$AJ10,'Технический лист'!$A:$B,2,1)-VLOOKUP($AO10,'Технический лист'!$A:$B,2,1)),1+(1-$AU10)) | EV10: 1 | EW10: =MIN(1,MAX(VLOOKUP(($AJ10-$AI10-$AH10-$AG10-$AF10-$AE10*(1+EW$3))/$AJ10,'Технический лист'!$A:$B,2,1),(EV10-0.05))) | EX10: =MIN(1,MAX(VLOOKUP(($AJ10-$AI10-$AH10-$AG10-$AF10-$AE10*(1+EX$3))/$AJ10,'Технический лист'!$A:$B,2,1),(EW10-0.05))) | EY10: =MIN(1,MAX(VLOOKUP(($AJ10-$AI10-$AH10-$AG10-$AF10-$AE10*(1+EY$3))/$AJ10,'Технический лист'!$A:$B,2,1),(EX10-0.05))) | EZ10: =MIN(1,MAX(VLOOKUP(($AJ10-$AI10-$AH10-$AG10-$AF10-$AE10*(1+EZ$3))/$AJ10,'Технический лист'!$A:$B,2,1),(EY10-0.05))) | FA10: =MIN(1,MAX(VLOOKUP(($AJ10-$AI10-$AH10-$AG10-$AF10-$AE10*(1+FA$3))/$AJ10,'Технический лист'!$A:$B,2,1),(EZ10-0.05))) | FB10: =MIN(1,MAX(VLOOKUP(($AJ10-$AI10-$AH10-$AG10-$AF10-$AE10*(1+FB$3))/$AJ10,'Технический лист'!$A:$B,2,1),(FA10-0.05))) | FC10: =MIN(1,MAX(VLOOKUP(($AJ10-$AI10-$AH10-$AG10-$AF10-$AE10*(1+FC$3))/$AJ10,'Технический лист'!$A:$B,2,1),(FB10-0.05))) | FD10: =MIN(1,MAX(VLOOKUP(($AJ10-$AI10-$AH10-$AG10-$AF10-$AE10*(1+FD$3))/$AJ10,'Технический лист'!$A:$B,2,1),(FC10-0.05))) | ... IR10: =MIN(1,MAX(VLOOKUP(($AJ10-$AI10-$AH10-$AG10-$AF10-$AE10*(1+IR$3))/$AJ10,'Технический лист'!$A:$B,2,1),(IQ10-0.05)))
A11: ЧМ (сырье) | B11: 2 | C11: Кокс каменноугольный | D11: 17107 | E11: Кокс литейный КЛ-2 | F11: КОКС КАМЕННОУГОЛЬНЫЙ | G11: СВР | H11: ЮУР | I11: ТЮМЕНЬ-СЕВЕР | J11: КАРТ1-ЭК-РОС | K11: 748 | L11: Полувагоны | M11: Экспорт | N11: вагонная | O11: Южное | P11: '000027958866 | Q11: АО "Антипинский НПЗ" | R11: ООО "РИ-ИНВЕСТ" | S11: 2167 | T11: 1621459 | U11: 34 | V11: 0 | W11: 1668248 | X11: 64 | Y11: групповая | Z11: 5 | AA11: 3 | AB11: 4 | AC11: 833.44 | AD11: =AE11-AC11 | AE11: 1080.53 | AF11: =(Z11+AA11+AB11)*'Ставки аренды'!$B$3/X11 | AG11: 0 | AH11: 0 | AI11: =0.95*AVERAGE(AJ10,AJ11) | AJ11: =Цены!$C$8*'Курсы валют'!$B$2 | AK11: =AJ11/Цены!$B$1 | AL11: =AE11+AF11+AG11 | AM11: =AJ11-AL11 | AN11: =AI11+AH11+AG11+AF11+AE11 | AO11: =(AJ11-AN11)/AJ11 | AP11: =AL11/AJ11 | AQ11: =AE11/AJ11 | AR11: =AE11/AL11 | AS11: 1 | AT11: =S11*AS11 | AU11: 0.95 | AV11: =(AJ11-(AE11*(1+$IS$2)+AF11+AG11+AH11+AI11))/AJ11 | AW11: =(AE11*(1+$IS$2)+AF11+AG11)/AJ11 | AX11: =(AE11*(1+$IS$2))/AJ11 | AY11: =(AE11*(1+$IS$2))/(AE11*(1+$IS$2)+AF11+AG11) | AZ11: =MIN(IF($AU11=100%,1,1+VLOOKUP(($AJ11-$AI11-$AH11-$AG11-$AF11-$AE11*(1+AZ$3))/$AJ11,'Технический лист'!$A:$B,2,1)-VLOOKUP($AO11,'Технический лист'!$A:$B,2,1)),1+(1-$AU11)) | BA11: =MIN(IF($AU11=100%,1,1+VLOOKUP(($AJ11-$AI11-$AH11-$AG11-$AF11-$AE11*(1+BA$3))/$AJ11,'Технический лист'!$A:$B,2,1)-VLOOKUP($AO11,'Технический лист'!$A:$B,2,1)),1+(1-$AU11)) | BB11: =MIN(IF($AU11=100%,1,1+VLOOKUP(($AJ11-$AI11-$AH11-$AG11-$AF11-$AE11*(1+BB$3))/$AJ11,'Технический лист'!$A:$B,2,1)-VLOOKUP($AO11,'Технический лист'!$A:$B,2,1)),1+(1-$AU11)) | BC11: =MIN(IF($AU11=100%,1,1+VLOOKUP(($AJ11-$AI11-$AH11-$AG11-$AF11-$AE11*(1+BC$3))/$AJ11,'Технический лист'!$A:$B,2,1)-VLOOKUP($AO11,'Технический лист'!$A:$B,2,1)),1+(1-$AU11)) | BD11: =MIN(IF($AU11=100%,1,1+VLOOKUP(($AJ11-$AI11-$AH11-$AG11-$AF11-$AE11*(1+BD$3))/$AJ11,'Технический лист'!$A:$B,2,1)-VLOOKUP($AO11,'Технический лист'!$A:$B,2,1)),1+(1-$AU11)) | BE11: =MIN(IF($AU11=100%,1,1+VLOOKUP(($AJ11-$AI11-$AH11-$AG11-$AF11-$AE11*(1+BE$3))/$AJ11,'Технический лист'!$A:$B,2,1)-VLOOKUP($AO11,'Технический лист'!$A:$B,2,1)),1+(1-$AU11)) | BF11: =MIN(IF($AU11=100%,1,1+VLOOKUP(($AJ11-$AI11-$AH11-$AG11-$AF11-$AE11*(1+BF$3))/$AJ11,'Технический лист'!$A:$B,2,1)-VLOOKUP($AO11,'Технический лист'!$A:$B,2,1)),1+(1-$AU11)) | BG11: =MIN(IF($AU11=100%,1,1+VLOOKUP(($AJ11-$AI11-$AH11-$AG11-$AF11-$AE11*(1+BG$3))/$AJ11,'Технический лист'!$A:$B,2,1)-VLOOKUP($AO11,'Технический лист'!$A:$B,2,1)),1+(1-$AU11)) | ... EU11: =MIN(IF($AU11=100%,1,1+VLOOKUP(($AJ11-$AI11-$AH11-$AG11-$AF11-$AE11*(1+EU$3))/$AJ11,'Технический лист'!$A:$B,2,1)-VLOOKUP($AO11,'Технический лист'!$A:$B,2,1)),1+(1-$AU11)) | EV11: 1 | EW11: =MIN(1,MAX(VLOOKUP(($AJ11-$AI11-$AH11-$AG11-$AF11-$AE11*(1+EW$3))/$AJ11,'Технический лист'!$A:$B,2,1),(EV11-0.05))) | EX11: =MIN(1,MAX(VLOOKUP(($AJ11-$AI11-$AH11-$AG11-$AF11-$AE11*(1+EX$3))/$AJ11,'Технический лист'!$A:$B,2,1),(EW11-0.05))) | EY11: =MIN(1,MAX(VLOOKUP(($AJ11-$AI11-$AH11-$AG11-$AF11-$AE11*(1+EY$3))/$AJ11,'Технический лист'!$A:$B,2,1),(EX11-0.05))) | EZ11: =MIN(1,MAX(VLOOKUP(($AJ11-$AI11-$AH11-$AG11-$AF11-$AE11*(1+EZ$3))/$AJ11,'Технический лист'!$A:$B,2,1),(EY11-0.05))) | FA11: =MIN(1,MAX(VLOOKUP(($AJ11-$AI11-$AH11-$AG11-$AF11-$AE11*(1+FA$3))/$AJ11,'Технический лист'!$A:$B,2,1),(EZ11-0.05))) | FB11: =MIN(1,MAX(VLOOKUP(($AJ11-$AI11-$AH11-$AG11-$AF11-$AE11*(1+FB$3))/$AJ11,'Технический лист'!$A:$B,2,1),(FA11-0.05))) | FC11: =MIN(1,MAX(VLOOKUP(($AJ11-$AI11-$AH11-$AG11-$AF11-$AE11*(1+FC$3))/$AJ11,'Технический лист'!$A:$B,2,1),(FB11-0.05))) | FD11: =MIN(1,MAX(VLOOKUP(($AJ11-$AI11-$AH11-$AG11-$AF11-$AE11*(1+FD$3))/$AJ11,'Технический лист'!$A:$B,2,1),(FC11-0.05))) | ... IR11: =MIN(1,MAX(VLOOKUP(($AJ11-$AI11-$AH11-$AG11-$AF11-$AE11*(1+IR$3))/$AJ11,'Технический лист'!$A:$B,2,1),(IQ11-0.05)))
A12: ЧМ (сырье) | B12: 2 | C12: Кокс каменноугольный | D12: 17107 | E12: Кокс литейный КЛ-2 | F12: КОКС КАМЕННОУГОЛЬНЫЙ | G12: СВР | H12: ВСБ | I12: ТЮМЕНЬ-СЕВЕР | J12: БАГУЛЬНАЯ | K12: 2676 | L12: Полувагоны | M12: Внутр. перевозки | N12: вагонная | O12: Восточное | P12: '000027958866 | Q12: АО "Антипинский НПЗ" | R12: ООО "РИ-ИНВЕСТ" | S12: 115217 | T12: 308286836 | U12: 1809 | V12: 0 | W12: 182973051 | X12: 64 | Y12: групповая | Z12: 11 | AA12: 8 | AB12: 4 | AC12: 1761.09 | AD12: =AE12-AC12 | AE12: 2415.2 | AF12: =(Z12+AA12+AB12)*'Ставки аренды'!$B$3/X12 | AG12: 0 | AH12: 0 | AI12: =0.95*AVERAGE(AJ10,AJ11) | AJ12: =Цены!$D$9 | AK12: =AJ12/Цены!$B$1 | AL12: =AE12+AF12+AG12 | AM12: =AJ12-AL12 | AN12: =AI12+AH12+AG12+AF12+AE12 | AO12: =(AJ12-AN12)/AJ12 | AP12: =AL12/AJ12 | AQ12: =AE12/AJ12 | AR12: =AE12/AL12 | AS12: 1 | AT12: =S12*AS12 | AU12: 0.95 | AV12: =(AJ12-(AE12*(1+$IS$2)+AF12+AG12+AH12+AI12))/AJ12 | AW12: =(AE12*(1+$IS$2)+AF12+AG12)/AJ12 | AX12: =(AE12*(1+$IS$2))/AJ12 | AY12: =(AE12*(1+$IS$2))/(AE12*(1+$IS$2)+AF12+AG12) | AZ12: =MIN(IF($AU12=100%,1,1+VLOOKUP(($AJ12-$AI12-$AH12-$AG12-$AF12-$AE12*(1+AZ$3))/$AJ12,'Технический лист'!$A:$B,2,1)-VLOOKUP($AO12,'Технический лист'!$A:$B,2,1)),1+(1-$AU12)) | BA12: =MIN(IF($AU12=100%,1,1+VLOOKUP(($AJ12-$AI12-$AH12-$AG12-$AF12-$AE12*(1+BA$3))/$AJ12,'Технический лист'!$A:$B,2,1)-VLOOKUP($AO12,'Технический лист'!$A:$B,2,1)),1+(1-$AU12)) | BB12: =MIN(IF($AU12=100%,1,1+VLOOKUP(($AJ12-$AI12-$AH12-$AG12-$AF12-$AE12*(1+BB$3))/$AJ12,'Технический лист'!$A:$B,2,1)-VLOOKUP($AO12,'Технический лист'!$A:$B,2,1)),1+(1-$AU12)) | BC12: =MIN(IF($AU12=100%,1,1+VLOOKUP(($AJ12-$AI12-$AH12-$AG12-$AF12-$AE12*(1+BC$3))/$AJ12,'Технический лист'!$A:$B,2,1)-VLOOKUP($AO12,'Технический лист'!$A:$B,2,1)),1+(1-$AU12)) | BD12: =MIN(IF($AU12=100%,1,1+VLOOKUP(($AJ12-$AI12-$AH12-$AG12-$AF12-$AE12*(1+BD$3))/$AJ12,'Технический лист'!$A:$B,2,1)-VLOOKUP($AO12,'Технический лист'!$A:$B,2,1)),1+(1-$AU12)) | BE12: =MIN(IF($AU12=100%,1,1+VLOOKUP(($AJ12-$AI12-$AH12-$AG12-$AF12-$AE12*(1+BE$3))/$AJ12,'Технический лист'!$A:$B,2,1)-VLOOKUP($AO12,'Технический лист'!$A:$B,2,1)),1+(1-$AU12)) | BF12: =MIN(IF($AU12=100%,1,1+VLOOKUP(($AJ12-$AI12-$AH12-$AG12-$AF12-$AE12*(1+BF$3))/$AJ12,'Технический лист'!$A:$B,2,1)-VLOOKUP($AO12,'Технический лист'!$A:$B,2,1)),1+(1-$AU12)) | BG12: =MIN(IF($AU12=100%,1,1+VLOOKUP(($AJ12-$AI12-$AH12-$AG12-$AF12-$AE12*(1+BG$3))/$AJ12,'Технический лист'!$A:$B,2,1)-VLOOKUP($AO12,'Технический лист'!$A:$B,2,1)),1+(1-$AU12)) | ... EU12: =MIN(IF($AU12=100%,1,1+VLOOKUP(($AJ12-$AI12-$AH12-$AG12-$AF12-$AE12*(1+EU$3))/$AJ12,'Технический лист'!$A:$B,2,1)-VLOOKUP($AO12,'Технический лист'!$A:$B,2,1)),1+(1-$AU12)) | EV12: 1 | EW12: =MIN(1,MAX(VLOOKUP(($AJ12-$AI12-$AH12-$AG12-$AF12-$AE12*(1+EW$3))/$AJ12,'Технический лист'!$A:$B,2,1),(EV12-0.05))) | EX12: =MIN(1,MAX(VLOOKUP(($AJ12-$AI12-$AH12-$AG12-$AF12-$AE12*(1+EX$3))/$AJ12,'Технический лист'!$A:$B,2,1),(EW12-0.05))) | EY12: =MIN(1,MAX(VLOOKUP(($AJ12-$AI12-$AH12-$AG12-$AF12-$AE12*(1+EY$3))/$AJ12,'Технический лист'!$A:$B,2,1),(EX12-0.05))) | EZ12: =MIN(1,MAX(VLOOKUP(($AJ12-$AI12-$AH12-$AG12-$AF12-$AE12*(1+EZ$3))/$AJ12,'Технический лист'!$A:$B,2,1),(EY12-0.05))) | FA12: =MIN(1,MAX(VLOOKUP(($AJ12-$AI12-$AH12-$AG12-$AF12-$AE12*(1+FA$3))/$AJ12,'Технический лист'!$A:$B,2,1),(EZ12-0.05))) | FB12: =MIN(1,MAX(VLOOKUP(($AJ12-$AI12-$AH12-$AG12-$AF12-$AE12*(1+FB$3))/$AJ12,'Технический лист'!$A:$B,2,1),(FA12-0.05))) | FC12: =MIN(1,MAX(VLOOKUP(($AJ12-$AI12-$AH12-$AG12-$AF12-$AE12*(1+FC$3))/$AJ12,'Технический лист'!$A:$B,2,1),(FB12-0.05))) | FD12: =MIN(1,MAX(VLOOKUP(($AJ12-$AI12-$AH12-$AG12-$AF12-$AE12*(1+FD$3))/$AJ12,'Технический лист'!$A:$B,2,1),(FC12-0.05))) | ... IR12: =MIN(1,MAX(VLOOKUP(($AJ12-$AI12-$AH12-$AG12-$AF12-$AE12*(1+IR$3))/$AJ12,'Технический лист'!$A:$B,2,1),(IQ12-0.05)))
A13: ЧМ (сырье) | B13: 2 | C13: Кокс каменноугольный | D13: 17111 | E13: Кокс электродный | F13: КОКС КАМЕННОУГОЛЬНЫЙ | G13: ЗСБ | H13: ЗСБ | I13: ПРЕДКОМБИНАТ | J13: КУЛУНДА-ЭК-Р | K13: 804 | L13: Полувагоны | M13: Экспорт | N13: вагонная | O13: Южное | P13: '000078553378 | Q13: ООО "УК"ПМХ" | R13: ООО "УК"ПМХ" | S13: 103613 | T13: 83305004 | U13: 2081 | V13: 0 | W13: 103864531 | X13: 50 | Y13: групповая | Z13: 6 | AA13: 3 | AB13: 4 | AC13: 1088.32 | AD13: =AE13-AC13 | AE13: 1424.38 | AF13: =(Z13+AA13+AB13)*'Ставки аренды'!$B$3/X13 | AG13: 0 | AH13: 0 | AI13: =0.9*AVERAGE(AJ13,AJ14) | AJ13: =Цены!$C$8*'Курсы валют'!$B$2 | AK13: =AJ13/Цены!$B$1 | AL13: =AE13+AF13+AG13 | AM13: =AJ13-AL13 | AN13: =AI13+AH13+AG13+AF13+AE13 | AO13: =(AJ13-AN13)/AJ13 | AP13: =AL13/AJ13 | AQ13: =AE13/AJ13 | AR13: =AE13/AL13 | AS13: 1 | AT13: =S13*AS13 | AU13: 0.9 | AV13: =(AJ13-(AE13*(1+$IS$2)+AF13+AG13+AH13+AI13))/AJ13 | AW13: =(AE13*(1+$IS$2)+AF13+AG13)/AJ13 | AX13: =(AE13*(1+$IS$2))/AJ13 | AY13: =(AE13*(1+$IS$2))/(AE13*(1+$IS$2)+AF13+AG13) | AZ13: =MIN(IF($AU13=100%,1,1+VLOOKUP(($AJ13-$AI13-$AH13-$AG13-$AF13-$AE13*(1+AZ$3))/$AJ13,'Технический лист'!$A:$B,2,1)-VLOOKUP($AO13,'Технический лист'!$A:$B,2,1)),1+(1-$AU13)) | BA13: =MIN(IF($AU13=100%,1,1+VLOOKUP(($AJ13-$AI13-$AH13-$AG13-$AF13-$AE13*(1+BA$3))/$AJ13,'Технический лист'!$A:$B,2,1)-VLOOKUP($AO13,'Технический лист'!$A:$B,2,1)),1+(1-$AU13)) | BB13: =MIN(IF($AU13=100%,1,1+VLOOKUP(($AJ13-$AI13-$AH13-$AG13-$AF13-$AE13*(1+BB$3))/$AJ13,'Технический лист'!$A:$B,2,1)-VLOOKUP($AO13,'Технический лист'!$A:$B,2,1)),1+(1-$AU13)) | BC13: =MIN(IF($AU13=100%,1,1+VLOOKUP(($AJ13-$AI13-$AH13-$AG13-$AF13-$AE13*(1+BC$3))/$AJ13,'Технический лист'!$A:$B,2,1)-VLOOKUP($AO13,'Технический лист'!$A:$B,2,1)),1+(1-$AU13)) | BD13: =MIN(IF($AU13=100%,1,1+VLOOKUP(($AJ13-$AI13-$AH13-$AG13-$AF13-$AE13*(1+BD$3))/$AJ13,'Технический лист'!$A:$B,2,1)-VLOOKUP($AO13,'Технический лист'!$A:$B,2,1)),1+(1-$AU13)) | BE13: =MIN(IF($AU13=100%,1,1+VLOOKUP(($AJ13-$AI13-$AH13-$AG13-$AF13-$AE13*(1+BE$3))/$AJ13,'Технический лист'!$A:$B,2,1)-VLOOKUP($AO13,'Технический лист'!$A:$B,2,1)),1+(1-$AU13)) | BF13: =MIN(IF($AU13=100%,1,1+VLOOKUP(($AJ13-$AI13-$AH13-$AG13-$AF13-$AE13*(1+BF$3))/$AJ13,'Технический лист'!$A:$B,2,1)-VLOOKUP($AO13,'Технический лист'!$A:$B,2,1)),1+(1-$AU13)) | BG13: =MIN(IF($AU13=100%,1,1+VLOOKUP(($AJ13-$AI13-$AH13-$AG13-$AF13-$AE13*(1+BG$3))/$AJ13,'Технический лист'!$A:$B,2,1)-VLOOKUP($AO13,'Технический лист'!$A:$B,2,1)),1+(1-$AU13)) | ... EU13: =MIN(IF($AU13=100%,1,1+VLOOKUP(($AJ13-$AI13-$AH13-$AG13-$AF13-$AE13*(1+EU$3))/$AJ13,'Технический лист'!$A:$B,2,1)-VLOOKUP($AO13,'Технический лист'!$A:$B,2,1)),1+(1-$AU13)) | EV13: 1 | EW13: =MIN(1,MAX(VLOOKUP(($AJ13-$AI13-$AH13-$AG13-$AF13-$AE13*(1+EW$3))/$AJ13,'Технический лист'!$A:$B,2,1),(EV13-0.05))) | EX13: =MIN(1,MAX(VLOOKUP(($AJ13-$AI13-$AH13-$AG13-$AF13-$AE13*(1+EX$3))/$AJ13,'Технический лист'!$A:$B,2,1),(EW13-0.05))) | EY13: =MIN(1,MAX(VLOOKUP(($AJ13-$AI13-$AH13-$AG13-$AF13-$AE13*(1+EY$3))/$AJ13,'Технический лист'!$A:$B,2,1),(EX13-0.05))) | EZ13: =MIN(1,MAX(VLOOKUP(($AJ13-$AI13-$AH13-$AG13-$AF13-$AE13*(1+EZ$3))/$AJ13,'Технический лист'!$A:$B,2,1),(EY13-0.05))) | FA13: =MIN(1,MAX(VLOOKUP(($AJ13-$AI13-$AH13-$AG13-$AF13-$AE13*(1+FA$3))/$AJ13,'Технический лист'!$A:$B,2,1),(EZ13-0.05))) | FB13: =MIN(1,MAX(VLOOKUP(($AJ13-$AI13-$AH13-$AG13-$AF13-$AE13*(1+FB$3))/$AJ13,'Технический лист'!$A:$B,2,1),(FA13-0.05))) | FC13: =MIN(1,MAX(VLOOKUP(($AJ13-$AI13-$AH13-$AG13-$AF13-$AE13*(1+FC$3))/$AJ13,'Технический лист'!$A:$B,2,1),(FB13-0.05))) | FD13: =MIN(1,MAX(VLOOKUP(($AJ13-$AI13-$AH13-$AG13-$AF13-$AE13*(1+FD$3))/$AJ13,'Технический лист'!$A:$B,2,1),(FC13-0.05))) | ... IR13: =MIN(1,MAX(VLOOKUP(($AJ13-$AI13-$AH13-$AG13-$AF13-$AE13*(1+IR$3))/$AJ13,'Технический лист'!$A:$B,2,1),(IQ13-0.05)))
A14: ЧМ (сырье) | B14: 2 | C14: Кокс каменноугольный | D14: 17103 | E14: Кокс доменный фракции свыше 25 мм | F14: КОКС КАМЕННОУГОЛЬНЫЙ | G14: ЗСБ | H14: СВР | I14: ПРЕДКОМБИНАТ | J14: СМЫЧКА | K14: 1982 | L14: Полувагоны | M14: Внутр. перевозки | N14: вагонная | O14: Южное | P14: '000000186683 | Q14: 'ПАО "Кокс" | R14: ООО "УК"ПМХ" | S14: 269089 | T14: 533360184 | U14: 5368 | V14: 0 | W14: 426612557 | X14: 50 | Y14: групповая | Z14: 9 | AA14: 8 | AB14: 4 | AC14: 1785.7 | AD14: =AE14-AC14 | AE14: 2528.84 | AF14: =(Z14+AA14+AB14)*'Ставки аренды'!$B$3/X14 | AG14: 0 | AH14: 0 | AI14: =0.9*AVERAGE(AJ13,AJ14) | AJ14: =Цены!$D$9 | AK14: =AJ14/Цены!$B$1 | AL14: =AE14+AF14+AG14 | AM14: =AJ14-AL14 | AN14: =AI14+AH14+AG14+AF14+AE14 | AO14: =(AJ14-AN14)/AJ14 | AP14: =AL14/AJ14 | AQ14: =AE14/AJ14 | AR14: =AE14/AL14 | AS14: 1 | AT14: =S14*AS14 | AU14: 0.9 | AV14: =(AJ14-(AE14*(1+$IS$2)+AF14+AG14+AH14+AI14))/AJ14 | AW14: =(AE14*(1+$IS$2)+AF14+AG14)/AJ14 | AX14: =(AE14*(1+$IS$2))/AJ14 | AY14: =(AE14*(1+$IS$2))/(AE14*(1+$IS$2)+AF14+AG14) | AZ14: =MIN(IF($AU14=100%,1,1+VLOOKUP(($AJ14-$AI14-$AH14-$AG14-$AF14-$AE14*(1+AZ$3))/$AJ14,'Технический лист'!$A:$B,2,1)-VLOOKUP($AO14,'Технический лист'!$A:$B,2,1)),1+(1-$AU14)) | BA14: =MIN(IF($AU14=100%,1,1+VLOOKUP(($AJ14-$AI14-$AH14-$AG14-$AF14-$AE14*(1+BA$3))/$AJ14,'Технический лист'!$A:$B,2,1)-VLOOKUP($AO14,'Технический лист'!$A:$B,2,1)),1+(1-$AU14)) | BB14: =MIN(IF($AU14=100%,1,1+VLOOKUP(($AJ14-$AI14-$AH14-$AG14-$AF14-$AE14*(1+BB$3))/$AJ14,'Технический лист'!$A:$B,2,1)-VLOOKUP($AO14,'Технический лист'!$A:$B,2,1)),1+(1-$AU14)) | BC14: =MIN(IF($AU14=100%,1,1+VLOOKUP(($AJ14-$AI14-$AH14-$AG14-$AF14-$AE14*(1+BC$3))/$AJ14,'Технический лист'!$A:$B,2,1)-VLOOKUP($AO14,'Технический лист'!$A:$B,2,1)),1+(1-$AU14)) | BD14: =MIN(IF($AU14=100%,1,1+VLOOKUP(($AJ14-$AI14-$AH14-$AG14-$AF14-$AE14*(1+BD$3))/$AJ14,'Технический лист'!$A:$B,2,1)-VLOOKUP($AO14,'Технический лист'!$A:$B,2,1)),1+(1-$AU14)) | BE14: =MIN(IF($AU14=100%,1,1+VLOOKUP(($AJ14-$AI14-$AH14-$AG14-$AF14-$AE14*(1+BE$3))/$AJ14,'Технический лист'!$A:$B,2,1)-VLOOKUP($AO14,'Технический лист'!$A:$B,2,1)),1+(1-$AU14)) | BF14: =MIN(IF($AU14=100%,1,1+VLOOKUP(($AJ14-$AI14-$AH14-$AG14-$AF14-$AE14*(1+BF$3))/$AJ14,'Технический лист'!$A:$B,2,1)-VLOOKUP($AO14,'Технический лист'!$A:$B,2,1)),1+(1-$AU14)) | BG14: =MIN(IF($AU14=100%,1,1+VLOOKUP(($AJ14-$AI14-$AH14-$AG14-$AF14-$AE14*(1+BG$3))/$AJ14,'Технический лист'!$A:$B,2,1)-VLOOKUP($AO14,'Технический лист'!$A:$B,2,1)),1+(1-$AU14)) | ... EU14: =MIN(IF($AU14=100%,1,1+VLOOKUP(($AJ14-$AI14-$AH14-$AG14-$AF14-$AE14*(1+EU$3))/$AJ14,'Технический лист'!$A:$B,2,1)-VLOOKUP($AO14,'Технический лист'!$A:$B,2,1)),1+(1-$AU14)) | EV14: 1 | EW14: =MIN(1,MAX(VLOOKUP(($AJ14-$AI14-$AH14-$AG14-$AF14-$AE14*(1+EW$3))/$AJ14,'Технический лист'!$A:$B,2,1),(EV14-0.05))) | EX14: =MIN(1,MAX(VLOOKUP(($AJ14-$AI14-$AH14-$AG14-$AF14-$AE14*(1+EX$3))/$AJ14,'Технический лист'!$A:$B,2,1),(EW14-0.05))) | EY14: =MIN(1,MAX(VLOOKUP(($AJ14-$AI14-$AH14-$AG14-$AF14-$AE14*(1+EY$3))/$AJ14,'Технический лист'!$A:$B,2,1),(EX14-0.05))) | EZ14: =MIN(1,MAX(VLOOKUP(($AJ14-$AI14-$AH14-$AG14-$AF14-$AE14*(1+EZ$3))/$AJ14,'Технический лист'!$A:$B,2,1),(EY14-0.05))) | FA14: =MIN(1,MAX(VLOOKUP(($AJ14-$AI14-$AH14-$AG14-$AF14-$AE14*(1+FA$3))/$AJ14,'Технический лист'!$A:$B,2,1),(EZ14-0.05))) | FB14: =MIN(1,MAX(VLOOKUP(($AJ14-$AI14-$AH14-$AG14-$AF14-$AE14*(1+FB$3))/$AJ14,'Технический лист'!$A:$B,2,1),(FA14-0.05))) | FC14: =MIN(1,MAX(VLOOKUP(($AJ14-$AI14-$AH14-$AG14-$AF14-$AE14*(1+FC$3))/$AJ14,'Технический лист'!$A:$B,2,1),(FB14-0.05))) | FD14: =MIN(1,MAX(VLOOKUP(($AJ14-$AI14-$AH14-$AG14-$AF14-$AE14*(1+FD$3))/$AJ14,'Технический лист'!$A:$B,2,1),(FC14-0.05))) | ... IR14: =MIN(1,MAX(VLOOKUP(($AJ14-$AI14-$AH14-$AG14-$AF14-$AE14*(1+IR$3))/$AJ14,'Технический лист'!$A:$B,2,1),(IQ14-0.05)))
A15: ЧМ (сырье) | B15: 2 | C15: Кокс каменноугольный | D15: 17110 | E15: Кокс, не поименованный в алфавите | F15: КОКС КАМЕННОУГОЛЬНЫЙ | G15: МСК | H15: ПРВ | I15: ПРИСАДЫ | J15: ОЗИНКИ-Э-РОС | K15: 1221 | L15: Полувагоны | M15: Экспорт | N15: вагонная | O15: Южное | P15: '000000186281 | Q15: 'ПАО "Тулачермет" | R15: ООО "УК"ПМХ" | S15: 90345 | T15: 110291447 | U15: 1566 | V15: 0 | W15: 102631838 | X15: 58 | Y15: групповая | Z15: 7 | AA15: 4 | AB15: 4 | AC15: 1249.38 | AD15: =AE15-AC15 | AE15: 1667.24 | AF15: =(Z15+AA15+AB15)*'Ставки аренды'!$B$3/X15 | AG15: 0 | AH15: 0 | AI15: =0.9*AVERAGE(AJ13,AJ14) | AJ15: =Цены!$C$8*'Курсы валют'!$B$2 | AK15: =AJ15/Цены!$B$1 | AL15: =AE15+AF15+AG15 | AM15: =AJ15-AL15 | AN15: =AI15+AH15+AG15+AF15+AE15 | AO15: =(AJ15-AN15)/AJ15 | AP15: =AL15/AJ15 | AQ15: =AE15/AJ15 | AR15: =AE15/AL15 | AS15: 1 | AT15: =S15*AS15 | AU15: 0.9 | AV15: =(AJ15-(AE15*(1+$IS$2)+AF15+AG15+AH15+AI15))/AJ15 | AW15: =(AE15*(1+$IS$2)+AF15+AG15)/AJ15 | AX15: =(AE15*(1+$IS$2))/AJ15 | AY15: =(AE15*(1+$IS$2))/(AE15*(1+$IS$2)+AF15+AG15) | AZ15: =MIN(IF($AU15=100%,1,1+VLOOKUP(($AJ15-$AI15-$AH15-$AG15-$AF15-$AE15*(1+AZ$3))/$AJ15,'Технический лист'!$A:$B,2,1)-VLOOKUP($AO15,'Технический лист'!$A:$B,2,1)),1+(1-$AU15)) | BA15: =MIN(IF($AU15=100%,1,1+VLOOKUP(($AJ15-$AI15-$AH15-$AG15-$AF15-$AE15*(1+BA$3))/$AJ15,'Технический лист'!$A:$B,2,1)-VLOOKUP($AO15,'Технический лист'!$A:$B,2,1)),1+(1-$AU15)) | BB15: =MIN(IF($AU15=100%,1,1+VLOOKUP(($AJ15-$AI15-$AH15-$AG15-$AF15-$AE15*(1+BB$3))/$AJ15,'Технический лист'!$A:$B,2,1)-VLOOKUP($AO15,'Технический лист'!$A:$B,2,1)),1+(1-$AU15)) | BC15: =MIN(IF($AU15=100%,1,1+VLOOKUP(($AJ15-$AI15-$AH15-$AG15-$AF15-$AE15*(1+BC$3))/$AJ15,'Технический лист'!$A:$B,2,1)-VLOOKUP($AO15,'Технический лист'!$A:$B,2,1)),1+(1-$AU15)) | BD15: =MIN(IF($AU15=100%,1,1+VLOOKUP(($AJ15-$AI15-$AH15-$AG15-$AF15-$AE15*(1+BD$3))/$AJ15,'Технический лист'!$A:$B,2,1)-VLOOKUP($AO15,'Технический лист'!$A:$B,2,1)),1+(1-$AU15)) | BE15: =MIN(IF($AU15=100%,1,1+VLOOKUP(($AJ15-$AI15-$AH15-$AG15-$AF15-$AE15*(1+BE$3))/$AJ15,'Технический лист'!$A:$B,2,1)-VLOOKUP($AO15,'Технический лист'!$A:$B,2,1)),1+(1-$AU15)) | BF15: =MIN(IF($AU15=100%,1,1+VLOOKUP(($AJ15-$AI15-$AH15-$AG15-$AF15-$AE15*(1+BF$3))/$AJ15,'Технический лист'!$A:$B,2,1)-VLOOKUP($AO15,'Технический лист'!$A:$B,2,1)),1+(1-$AU15)) | BG15: =MIN(IF($AU15=100%,1,1+VLOOKUP(($AJ15-$AI15-$AH15-$AG15-$AF15-$AE15*(1+BG$3))/$AJ15,'Технический лист'!$A:$B,2,1)-VLOOKUP($AO15,'Технический лист'!$A:$B,2,1)),1+(1-$AU15)) | ... EU15: =MIN(IF($AU15=100%,1,1+VLOOKUP(($AJ15-$AI15-$AH15-$AG15-$AF15-$AE15*(1+EU$3))/$AJ15,'Технический лист'!$A:$B,2,1)-VLOOKUP($AO15,'Технический лист'!$A:$B,2,1)),1+(1-$AU15)) | EV15: 1 | EW15: =MIN(1,MAX(VLOOKUP(($AJ15-$AI15-$AH15-$AG15-$AF15-$AE15*(1+EW$3))/$AJ15,'Технический лист'!$A:$B,2,1),(EV15-0.05))) | EX15: =MIN(1,MAX(VLOOKUP(($AJ15-$AI15-$AH15-$AG15-$AF15-$AE15*(1+EX$3))/$AJ15,'Технический лист'!$A:$B,2,1),(EW15-0.05))) | EY15: =MIN(1,MAX(VLOOKUP(($AJ15-$AI15-$AH15-$AG15-$AF15-$AE15*(1+EY$3))/$AJ15,'Технический лист'!$A:$B,2,1),(EX15-0.05))) | EZ15: =MIN(1,MAX(VLOOKUP(($AJ15-$AI15-$AH15-$AG15-$AF15-$AE15*(1+EZ$3))/$AJ15,'Технический лист'!$A:$B,2,1),(EY15-0.05))) | FA15: =MIN(1,MAX(VLOOKUP(($AJ15-$AI15-$AH15-$AG15-$AF15-$AE15*(1+FA$3))/$AJ15,'Технический лист'!$A:$B,2,1),(EZ15-0.05))) | FB15: =MIN(1,MAX(VLOOKUP(($AJ15-$AI15-$AH15-$AG15-$AF15-$AE15*(1+FB$3))/$AJ15,'Технический лист'!$A:$B,2,1),(FA15-0.05))) | FC15: =MIN(1,MAX(VLOOKUP(($AJ15-$AI15-$AH15-$AG15-$AF15-$AE15*(1+FC$3))/$AJ15,'Технический лист'!$A:$B,2,1),(FB15-0.05))) | FD15: =MIN(1,MAX(VLOOKUP(($AJ15-$AI15-$AH15-$AG15-$AF15-$AE15*(1+FD$3))/$AJ15,'Технический лист'!$A:$B,2,1),(FC15-0.05))) | ... IR15: =MIN(1,MAX(VLOOKUP(($AJ15-$AI15-$AH15-$AG15-$AF15-$AE15*(1+IR$3))/$AJ15,'Технический лист'!$A:$B,2,1),(IQ15-0.05)))
A16: ЧМ (сырье) | B16: 2 | C16: Кокс каменноугольный | D16: 17111 | E16: Кокс электродный | F16: КОКС КАМЕННОУГОЛЬНЫЙ | G16: ЗСБ | H16: КРС | I16: ПРЕДКОМБИНАТ | J16: ЛЕСОСИБ-ПЕР | K16: 697 | L16: Полувагоны | M16: Внутр. перевозки | N16: вагонная | O16: Восточное | P16: '000000186683 | Q16: 'ПАО "Кокс" | R16: ООО "УК"ПМХ" | S16: 21520 | T16: 14999320 | U16: 432 | V16: 0 | W16: 17973782 | X16: 50 | Y16: групповая | Z16: 6 | AA16: 6 | AB16: 4 | AC16: 903.98 | AD16: =AE16-AC16 | AE16: 1203.9 | AF16: =(Z16+AA16+AB16)*'Ставки аренды'!$B$3/X16 | AG16: 0 | AH16: 0 | AI16: =0.9*AVERAGE(AJ13,AJ14) | AJ16: =Цены!$D$9 | AK16: =AJ16/Цены!$B$1 | AL16: =AE16+AF16+AG16 | AM16: =AJ16-AL16 | AN16: =AI16+AH16+AG16+AF16+AE16 | AO16: =(AJ16-AN16)/AJ16 | AP16: =AL16/AJ16 | AQ16: =AE16/AJ16 | AR16: =AE16/AL16 | AS16: 1 | AT16: =S16*AS16 | AU16: 0.9 | AV16: =(AJ16-(AE16*(1+$IS$2)+AF16+AG16+AH16+AI16))/AJ16 | AW16: =(AE16*(1+$IS$2)+AF16+AG16)/AJ16 | AX16: =(AE16*(1+$IS$2))/AJ16 | AY16: =(AE16*(1+$IS$2))/(AE16*(1+$IS$2)+AF16+AG16) | AZ16: =MIN(IF($AU16=100%,1,1+VLOOKUP(($AJ16-$AI16-$AH16-$AG16-$AF16-$AE16*(1+AZ$3))/$AJ16,'Технический лист'!$A:$B,2,1)-VLOOKUP($AO16,'Технический лист'!$A:$B,2,1)),1+(1-$AU16)) | BA16: =MIN(IF($AU16=100%,1,1+VLOOKUP(($AJ16-$AI16-$AH16-$AG16-$AF16-$AE16*(1+BA$3))/$AJ16,'Технический лист'!$A:$B,2,1)-VLOOKUP($AO16,'Технический лист'!$A:$B,2,1)),1+(1-$AU16)) | BB16: =MIN(IF($AU16=100%,1,1+VLOOKUP(($AJ16-$AI16-$AH16-$AG16-$AF16-$AE16*(1+BB$3))/$AJ16,'Технический лист'!$A:$B,2,1)-VLOOKUP($AO16,'Технический лист'!$A:$B,2,1)),1+(1-$AU16)) | BC16: =MIN(IF($AU16=100%,1,1+VLOOKUP(($AJ16-$AI16-$AH16-$AG16-$AF16-$AE16*(1+BC$3))/$AJ16,'Технический лист'!$A:$B,2,1)-VLOOKUP($AO16,'Технический лист'!$A:$B,2,1)),1+(1-$AU16)) | BD16: =MIN(IF($AU16=100%,1,1+VLOOKUP(($AJ16-$AI16-$AH16-$AG16-$AF16-$AE16*(1+BD$3))/$AJ16,'Технический лист'!$A:$B,2,1)-VLOOKUP($AO16,'Технический лист'!$A:$B,2,1)),1+(1-$AU16)) | BE16: =MIN(IF($AU16=100%,1,1+VLOOKUP(($AJ16-$AI16-$AH16-$AG16-$AF16-$AE16*(1+BE$3))/$AJ16,'Технический лист'!$A:$B,2,1)-VLOOKUP($AO16,'Технический лист'!$A:$B,2,1)),1+(1-$AU16)) | BF16: =MIN(IF($AU16=100%,1,1+VLOOKUP(($AJ16-$AI16-$AH16-$AG16-$AF16-$AE16*(1+BF$3))/$AJ16,'Технический лист'!$A:$B,2,1)-VLOOKUP($AO16,'Технический лист'!$A:$B,2,1)),1+(1-$AU16)) | BG16: =MIN(IF($AU16=100%,1,1+VLOOKUP(($AJ16-$AI16-$AH16-$AG16-$AF16-$AE16*(1+BG$3))/$AJ16,'Технический лист'!$A:$B,2,1)-VLOOKUP($AO16,'Технический лист'!$A:$B,2,1)),1+(1-$AU16)) | ... EU16: =MIN(IF($AU16=100%,1,1+VLOOKUP(($AJ16-$AI16-$AH16-$AG16-$AF16-$AE16*(1+EU$3))/$AJ16,'Технический лист'!$A:$B,2,1)-VLOOKUP($AO16,'Технический лист'!$A:$B,2,1)),1+(1-$AU16)) | EV16: 1 | EW16: =MIN(1,MAX(VLOOKUP(($AJ16-$AI16-$AH16-$AG16-$AF16-$AE16*(1+EW$3))/$AJ16,'Технический лист'!$A:$B,2,1),(EV16-0.05))) | EX16: =MIN(1,MAX(VLOOKUP(($AJ16-$AI16-$AH16-$AG16-$AF16-$AE16*(1+EX$3))/$AJ16,'Технический лист'!$A:$B,2,1),(EW16-0.05))) | EY16: =MIN(1,MAX(VLOOKUP(($AJ16-$AI16-$AH16-$AG16-$AF16-$AE16*(1+EY$3))/$AJ16,'Технический лист'!$A:$B,2,1),(EX16-0.05))) | EZ16: =MIN(1,MAX(VLOOKUP(($AJ16-$AI16-$AH16-$AG16-$AF16-$AE16*(1+EZ$3))/$AJ16,'Технический лист'!$A:$B,2,1),(EY16-0.05))) | FA16: =MIN(1,MAX(VLOOKUP(($AJ16-$AI16-$AH16-$AG16-$AF16-$AE16*(1+FA$3))/$AJ16,'Технический лист'!$A:$B,2,1),(EZ16-0.05))) | FB16: =MIN(1,MAX(VLOOKUP(($AJ16-$AI16-$AH16-$AG16-$AF16-$AE16*(1+FB$3))/$AJ16,'Технический лист'!$A:$B,2,1),(FA16-0.05))) | FC16: =MIN(1,MAX(VLOOKUP(($AJ16-$AI16-$AH16-$AG16-$AF16-$AE16*(1+FC$3))/$AJ16,'Технический лист'!$A:$B,2,1),(FB16-0.05))) | FD16: =MIN(1,MAX(VLOOKUP(($AJ16-$AI16-$AH16-$AG16-$AF16-$AE16*(1+FD$3))/$AJ16,'Технический лист'!$A:$B,2,1),(FC16-0.05))) | ... IR16: =MIN(1,MAX(VLOOKUP(($AJ16-$AI16-$AH16-$AG16-$AF16-$AE16*(1+IR$3))/$AJ16,'Технический лист'!$A:$B,2,1),(IQ16-0.05)))
A17: ЧМ (сырье) | B17: 2 | C17: Кокс каменноугольный | D17: 17110 | E17: Кокс, не поименованный в алфавите | F17: КОКС КАМЕННОУГОЛЬНЫЙ | G17: ЗСБ | H17: ДВС | I17: ПРЕДКОМБИНАТ | J17: ГРОДЕК/КИТАЙ | K17: 5788 | L17: Полувагоны | M17: Экспорт | N17: вагонная | O17: Восточное | P17: '000000186683 | Q17: 'ПАО "Кокс" | R17: ООО "УК"ПМХ" | S17: 10601 | T17: 61359168 | U17: 178 | V17: 0 | W17: 31981756 | X17: 60 | Y17: повагонная | Z17: 17 | AA17: 14 | AB17: 4 | AC17: 333.78 | AD17: =AE17-AC17 | AE17: 4793.08 | AF17: =(Z17+AA17+AB17)*'Ставки аренды'!$B$3/X17 | AG17: 0 | AH17: 0 | AI17: =0.9*AVERAGE(AJ13,AJ14) | AJ17: =Цены!$C$8*'Курсы валют'!$B$2 | AK17: =AJ17/Цены!$B$1 | AL17: =AE17+AF17+AG17 | AM17: =AJ17-AL17 | AN17: =AI17+AH17+AG17+AF17+AE17 | AO17: =(AJ17-AN17)/AJ17 | AP17: =AL17/AJ17 | AQ17: =AE17/AJ17 | AR17: =AE17/AL17 | AS17: 1 | AT17: =S17*AS17 | AU17: 0.9 | AV17: =(AJ17-(AE17*(1+$IS$2)+AF17+AG17+AH17+AI17))/AJ17 | AW17: =(AE17*(1+$IS$2)+AF17+AG17)/AJ17 | AX17: =(AE17*(1+$IS$2))/AJ17 | AY17: =(AE17*(1+$IS$2))/(AE17*(1+$IS$2)+AF17+AG17) | AZ17: =MIN(IF($AU17=100%,1,1+VLOOKUP(($AJ17-$AI17-$AH17-$AG17-$AF17-$AE17*(1+AZ$3))/$AJ17,'Технический лист'!$A:$B,2,1)-VLOOKUP($AO17,'Технический лист'!$A:$B,2,1)),1+(1-$AU17)) | BA17: =MIN(IF($AU17=100%,1,1+VLOOKUP(($AJ17-$AI17-$AH17-$AG17-$AF17-$AE17*(1+BA$3))/$AJ17,'Технический лист'!$A:$B,2,1)-VLOOKUP($AO17,'Технический лист'!$A:$B,2,1)),1+(1-$AU17)) | BB17: =MIN(IF($AU17=100%,1,1+VLOOKUP(($AJ17-$AI17-$AH17-$AG17-$AF17-$AE17*(1+BB$3))/$AJ17,'Технический лист'!$A:$B,2,1)-VLOOKUP($AO17,'Технический лист'!$A:$B,2,1)),1+(1-$AU17)) | BC17: =MIN(IF($AU17=100%,1,1+VLOOKUP(($AJ17-$AI17-$AH17-$AG17-$AF17-$AE17*(1+BC$3))/$AJ17,'Технический лист'!$A:$B,2,1)-VLOOKUP($AO17,'Технический лист'!$A:$B,2,1)),1+(1-$AU17)) | BD17: =MIN(IF($AU17=100%,1,1+VLOOKUP(($AJ17-$AI17-$AH17-$AG17-$AF17-$AE17*(1+BD$3))/$AJ17,'Технический лист'!$A:$B,2,1)-VLOOKUP($AO17,'Технический лист'!$A:$B,2,1)),1+(1-$AU17)) | BE17: =MIN(IF($AU17=100%,1,1+VLOOKUP(($AJ17-$AI17-$AH17-$AG17-$AF17-$AE17*(1+BE$3))/$AJ17,'Технический лист'!$A:$B,2,1)-VLOOKUP($AO17,'Технический лист'!$A:$B,2,1)),1+(1-$AU17)) | BF17: =MIN(IF($AU17=100%,1,1+VLOOKUP(($AJ17-$AI17-$AH17-$AG17-$AF17-$AE17*(1+BF$3))/$AJ17,'Технический лист'!$A:$B,2,1)-VLOOKUP($AO17,'Технический лист'!$A:$B,2,1)),1+(1-$AU17)) | BG17: =MIN(IF($AU17=100%,1,1+VLOOKUP(($AJ17-$AI17-$AH17-$AG17-$AF17-$AE17*(1+BG$3))/$AJ17,'Технический лист'!$A:$B,2,1)-VLOOKUP($AO17,'Технический лист'!$A:$B,2,1)),1+(1-$AU17)) | ... EU17: =MIN(IF($AU17=100%,1,1+VLOOKUP(($AJ17-$AI17-$AH17-$AG17-$AF17-$AE17*(1+EU$3))/$AJ17,'Технический лист'!$A:$B,2,1)-VLOOKUP($AO17,'Технический лист'!$A:$B,2,1)),1+(1-$AU17)) | EV17: 1 | EW17: =MIN(1,MAX(VLOOKUP(($AJ17-$AI17-$AH17-$AG17-$AF17-$AE17*(1+EW$3))/$AJ17,'Технический лист'!$A:$B,2,1),(EV17-0.05))) | EX17: =MIN(1,MAX(VLOOKUP(($AJ17-$AI17-$AH17-$AG17-$AF17-$AE17*(1+EX$3))/$AJ17,'Технический лист'!$A:$B,2,1),(EW17-0.05))) | EY17: =MIN(1,MAX(VLOOKUP(($AJ17-$AI17-$AH17-$AG17-$AF17-$AE17*(1+EY$3))/$AJ17,'Технический лист'!$A:$B,2,1),(EX17-0.05))) | EZ17: =MIN(1,MAX(VLOOKUP(($AJ17-$AI17-$AH17-$AG17-$AF17-$AE17*(1+EZ$3))/$AJ17,'Технический лист'!$A:$B,2,1),(EY17-0.05))) | FA17: =MIN(1,MAX(VLOOKUP(($AJ17-$AI17-$AH17-$AG17-$AF17-$AE17*(1+FA$3))/$AJ17,'Технический лист'!$A:$B,2,1),(EZ17-0.05))) | FB17: =MIN(1,MAX(VLOOKUP(($AJ17-$AI17-$AH17-$AG17-$AF17-$AE17*(1+FB$3))/$AJ17,'Технический лист'!$A:$B,2,1),(FA17-0.05))) | FC17: =MIN(1,MAX(VLOOKUP(($AJ17-$AI17-$AH17-$AG17-$AF17-$AE17*(1+FC$3))/$AJ17,'Технический лист'!$A:$B,2,1),(FB17-0.05))) | FD17: =MIN(1,MAX(VLOOKUP(($AJ17-$AI17-$AH17-$AG17-$AF17-$AE17*(1+FD$3))/$AJ17,'Технический лист'!$A:$B,2,1),(FC17-0.05))) | ... IR17: =MIN(1,MAX(VLOOKUP(($AJ17-$AI17-$AH17-$AG17-$AF17-$AE17*(1+IR$3))/$AJ17,'Технический лист'!$A:$B,2,1),(IQ17-0.05)))
A18: ЧМ (сырье) | B18: 2 | C18: Кокс каменноугольный | D18: 17103 | E18: Кокс доменный фракции свыше 25 мм | F18: КОКС КАМЕННОУГОЛЬНЫЙ | G18: ЗСБ | H18: МСК | I18: ПРЕДКОМБИНАТ | J18: ПРИСАДЫ | K18: 3714 | L18: Полувагоны | M18: Внутр. перевозки | N18: вагонная | O18: Северо-Западное | P18: '000000186683 | Q18: 'ПАО "Кокс" | R18: ООО "УК"ПМХ" | S18: 1059539 | T18: 3935328101 | U18: 22624 | V18: 0 | W18: 2444061086 | X18: 47 | Y18: маршрутная | Z18: 9 | AA18: 10 | AB18: 4 | AC18: 2557.79 | AD18: =AE18-AC18 | AE18: 3801.55 | AF18: =(Z18+AA18+AB18)*'Ставки аренды'!$B$3/X18 | AG18: 0 | AH18: 0 | AI18: =0.9*AVERAGE(AJ13,AJ14) | AJ18: =Цены!$D$9 | AK18: =AJ18/Цены!$B$1 | AL18: =AE18+AF18+AG18 | AM18: =AJ18-AL18 | AN18: =AI18+AH18+AG18+AF18+AE18 | AO18: =(AJ18-AN18)/AJ18 | AP18: =AL18/AJ18 | AQ18: =AE18/AJ18 | AR18: =AE18/AL18 | AS18: 1 | AT18: =S18*AS18 | AU18: Внутренняя логистика | AV18: =(AJ18-(AE18*(1+$IS$2)+AF18+AG18+AH18+AI18))/AJ18 | AW18: =(AE18*(1+$IS$2)+AF18+AG18)/AJ18 | AX18: =(AE18*(1+$IS$2))/AJ18 | AY18: =(AE18*(1+$IS$2))/(AE18*(1+$IS$2)+AF18+AG18) | AZ18: 1 | BA18: 1 | BB18: 1 | BC18: 1 | BD18: 1 | BE18: 1 | BF18: 1 | BG18: 1 | BH18: 1 | BI18: 1 | BJ18: 1 | BK18: 1 | BL18: 1 | BM18: 1 | BN18: 1 | BO18: 1 | BP18: 1 | BQ18: 1 | BR18: 1 | BS18: 1 | BT18: 1 | BU18: 1 | BV18: 1 | BW18: 1 | BX18: 1 | BY18: 1 | BZ18: 1 | CA18: 1 | CB18: 1 | CC18: 1 | CD18: 1 | CE18: 1 | CF18: 1 | CG18: 1 | CH18: 1 | CI18: 1 | CJ18: 1 | CK18: 1 | CL18: 1 | CM18: 1 | CN18: 1 | CO18: 1 | CP18: 1 | CQ18: 1 | CR18: 1 | CS18: 1 | CT18: 1 | CU18: 1 | CV18: 1 | CW18: 1 | CX18: 1 | CY18: 1 | CZ18: 1 | DA18: 1 | DB18: 1 | DC18: 1 | DD18: 1 | DE18: 1 | DF18: 1 | DG18: 1 | DH18: 1 | DI18: 1 | DJ18: 1 | DK18: 1 | DL18: 1 | DM18: 1 | DN18: 1 | DO18: 1 | DP18: 1 | DQ18: 1 | DR18: 1 | DS18: 1 | DT18: 1 | DU18: 1 | DV18: 1 | DW18: 1 | DX18: 1 | DY18: 1 | DZ18: 1 | EA18: 1 | EB18: 1 | EC18: 1 | ED18: 1 | EE18: 1 | EF18: 1 | EG18: 1 | EH18: 1 | EI18: 1 | EJ18: 1 | EK18: 1 | EL18: 1 | EM18: 1 | EN18: 1 | EO18: 1 | EP18: 1 | EQ18: 1 | ER18: 1 | ES18: 1 | ET18: 1 | EU18: 1 | EV18: 1 | EW18: 1 | EX18: 1 | EY18: 1 | EZ18: 1 | FA18: 1 | FB18: 1 | FC18: 1 | FD18: 1 | FE18: 1 | FF18: 1 | FG18: 1 | FH18: 1 | FI18: 1 | FJ18: 1 | FK18: 1 | FL18: 1 | FM18: 1 | FN18: 1 | FO18: 1 | FP18: 1 | FQ18: 1 | FR18: 1 | FS18: 1 | FT18: 1 | FU18: 1 | FV18: 1 | FW18: 1 | FX18: 1 | FY18: 1 | FZ18: 1 | GA18: 1 | GB18: 1 | GC18: 1 | GD18: 1 | GE18: 1 | GF18: 1 | GG18: 1 | GH18: 1 | GI18: 1 | GJ18: 1 | GK18: 1 | GL18: 1 | GM18: 1 | GN18: 1 | GO18: 1 | GP18: 1 | GQ18: 1 | GR18: 1 | GS18: 1 | GT18: 1 | GU18: 1 | GV18: 1 | GW18: 1 | GX18: 1 | GY18: 1 | GZ18: 1 | HA18: 1 | HB18: 1 | HC18: 1 | HD18: 1 | HE18: 1 | HF18: 1 | HG18: 1 | HH18: 1 | HI18: 1 | HJ18: 1 | HK18: 1 | HL18: 1 | HM18: 1 | HN18: 1 | HO18: 1 | HP18: 1 | HQ18: 1 | HR18: 1 | HS18: 1 | HT18: 1 | HU18: 1 | HV18: 1 | HW18: 1 | HX18: 1 | HY18: 1 | HZ18: 1 | IA18: 1 | IB18: 1 | IC18: 1 | ID18: 1 | IE18: 1 | IF18: 1 | IG18: 1 | IH18: 1 | II18: 1 | IJ18: 1 | IK18: 1 | IL18: 1 | IM18: 1 | IN18: 1 | IO18: 1 | IP18: 1 | IQ18: 1 | IR18: 1
A19: ЧМ (сырье) | B19: 2 | C19: Кокс каменноугольный | D19: 17107 | E19: Кокс литейный КЛ-2 | F19: КОКС КАМЕННОУГОЛЬНЫЙ | G19: СВР | H19: ЗСБ | I19: ОСЕНЦЫ | J19: ЛИНЕВО | K19: 1982 | L19: Полувагоны | M19: Внутр. перевозки | N19: вагонная | O19: Южное | P19: '000000148636 | Q19: 'ООО "ЛУКОЙЛ-Пермнефтеоргсинтез" | R19: ПАО "Лукойл" | S19: 148088 | T19: 293544886 | U19: 2260 | V19: 0 | W19: 196826263 | X19: 66 | Y19: групповая | Z19: 9 | AA19: 7 | AB19: 4 | AC19: 1445.06 | AD19: =AE19-AC19 | AE19: 2008.05 | AF19: =(Z19+AA19+AB19)*'Ставки аренды'!$B$3/X19 | AG19: 0 | AH19: 0 | AI19: =39785847/79866389*AVERAGE(AJ19,AJ20) | AJ19: =Цены!$D$9 | AK19: =AJ19/Цены!$B$1 | AL19: =AE19+AF19+AG19 | AM19: =AJ19-AL19 | AN19: =AI19+AH19+AG19+AF19+AE19 | AO19: =(AJ19-AN19)/AJ19 | AP19: =AL19/AJ19 | AQ19: =AE19/AJ19 | AR19: =AE19/AL19 | AS19: 1 | AT19: =S19*AS19 | AU19: 0.95 | AV19: =(AJ19-(AE19*(1+$IS$2)+AF19+AG19+AH19+AI19))/AJ19 | AW19: =(AE19*(1+$IS$2)+AF19+AG19)/AJ19 | AX19: =(AE19*(1+$IS$2))/AJ19 | AY19: =(AE19*(1+$IS$2))/(AE19*(1+$IS$2)+AF19+AG19) | AZ19: =MIN(IF($AU19=100%,1,1+VLOOKUP(($AJ19-$AI19-$AH19-$AG19-$AF19-$AE19*(1+AZ$3))/$AJ19,'Технический лист'!$A:$B,2,1)-VLOOKUP($AO19,'Технический лист'!$A:$B,2,1)),1+(1-$AU19)) | BA19: =MIN(IF($AU19=100%,1,1+VLOOKUP(($AJ19-$AI19-$AH19-$AG19-$AF19-$AE19*(1+BA$3))/$AJ19,'Технический лист'!$A:$B,2,1)-VLOOKUP($AO19,'Технический лист'!$A:$B,2,1)),1+(1-$AU19)) | BB19: =MIN(IF($AU19=100%,1,1+VLOOKUP(($AJ19-$AI19-$AH19-$AG19-$AF19-$AE19*(1+BB$3))/$AJ19,'Технический лист'!$A:$B,2,1)-VLOOKUP($AO19,'Технический лист'!$A:$B,2,1)),1+(1-$AU19)) | BC19: =MIN(IF($AU19=100%,1,1+VLOOKUP(($AJ19-$AI19-$AH19-$AG19-$AF19-$AE19*(1+BC$3))/$AJ19,'Технический лист'!$A:$B,2,1)-VLOOKUP($AO19,'Технический лист'!$A:$B,2,1)),1+(1-$AU19)) | BD19: =MIN(IF($AU19=100%,1,1+VLOOKUP(($AJ19-$AI19-$AH19-$AG19-$AF19-$AE19*(1+BD$3))/$AJ19,'Технический лист'!$A:$B,2,1)-VLOOKUP($AO19,'Технический лист'!$A:$B,2,1)),1+(1-$AU19)) | BE19: =MIN(IF($AU19=100%,1,1+VLOOKUP(($AJ19-$AI19-$AH19-$AG19-$AF19-$AE19*(1+BE$3))/$AJ19,'Технический лист'!$A:$B,2,1)-VLOOKUP($AO19,'Технический лист'!$A:$B,2,1)),1+(1-$AU19)) | BF19: =MIN(IF($AU19=100%,1,1+VLOOKUP(($AJ19-$AI19-$AH19-$AG19-$AF19-$AE19*(1+BF$3))/$AJ19,'Технический лист'!$A:$B,2,1)-VLOOKUP($AO19,'Технический лист'!$A:$B,2,1)),1+(1-$AU19)) | BG19: =MIN(IF($AU19=100%,1,1+VLOOKUP(($AJ19-$AI19-$AH19-$AG19-$AF19-$AE19*(1+BG$3))/$AJ19,'Технический лист'!$A:$B,2,1)-VLOOKUP($AO19,'Технический лист'!$A:$B,2,1)),1+(1-$AU19)) | ... EU19: =MIN(IF($AU19=100%,1,1+VLOOKUP(($AJ19-$AI19-$AH19-$AG19-$AF19-$AE19*(1+EU$3))/$AJ19,'Технический лист'!$A:$B,2,1)-VLOOKUP($AO19,'Технический лист'!$A:$B,2,1)),1+(1-$AU19)) | EV19: 1 | EW19: =MIN(1,MAX(VLOOKUP(($AJ19-$AI19-$AH19-$AG19-$AF19-$AE19*(1+EW$3))/$AJ19,'Технический лист'!$A:$B,2,1),(EV19-0.05))) | EX19: =MIN(1,MAX(VLOOKUP(($AJ19-$AI19-$AH19-$AG19-$AF19-$AE19*(1+EX$3))/$AJ19,'Технический лист'!$A:$B,2,1),(EW19-0.05))) | EY19: =MIN(1,MAX(VLOOKUP(($AJ19-$AI19-$AH19-$AG19-$AF19-$AE19*(1+EY$3))/$AJ19,'Технический лист'!$A:$B,2,1),(EX19-0.05))) | EZ19: =MIN(1,MAX(VLOOKUP(($AJ19-$AI19-$AH19-$AG19-$AF19-$AE19*(1+EZ$3))/$AJ19,'Технический лист'!$A:$B,2,1),(EY19-0.05))) | FA19: =MIN(1,MAX(VLOOKUP(($AJ19-$AI19-$AH19-$AG19-$AF19-$AE19*(1+FA$3))/$AJ19,'Технический лист'!$A:$B,2,1),(EZ19-0.05))) | FB19: =MIN(1,MAX(VLOOKUP(($AJ19-$AI19-$AH19-$AG19-$AF19-$AE19*(1+FB$3))/$AJ19,'Технический лист'!$A:$B,2,1),(FA19-0.05))) | FC19: =MIN(1,MAX(VLOOKUP(($AJ19-$AI19-$AH19-$AG19-$AF19-$AE19*(1+FC$3))/$AJ19,'Технический лист'!$A:$B,2,1),(FB19-0.05))) | FD19: =MIN(1,MAX(VLOOKUP(($AJ19-$AI19-$AH19-$AG19-$AF19-$AE19*(1+FD$3))/$AJ19,'Технический лист'!$A:$B,2,1),(FC19-0.05))) | ... IR19: =MIN(1,MAX(VLOOKUP(($AJ19-$AI19-$AH19-$AG19-$AF19-$AE19*(1+IR$3))/$AJ19,'Технический лист'!$A:$B,2,1),(IQ19-0.05)))
A20: ЧМ (сырье) | B20: 2 | C20: Кокс каменноугольный | D20: 17107 | E20: Кокс литейный КЛ-2 | F20: КОКС КАМЕННОУГОЛЬНЫЙ | G20: ГОР | H20: СКВ | I20: ЗЕЛЕЦИНО | J20: ТУАПСЕ-СОР-Э | K20: 2311 | L20: Полувагоны | M20: Экспорт | N20: вагонная | O20: Южное | P20: '000005747181 | Q20: 'ООО "ЛУКОЙЛ-Нижегороднефтеоргсинтез" | R20: ПАО "Лукойл" | S20: 56167 | T20: 129801242 | U20: 871 | V20: 0 | W20: 84578350 | X20: 65 | Y20: групповая | Z20: 9 | AA20: 7 | AB20: 4 | AC20: 1698.55 | AD20: =AE20-AC20 | AE20: 2279.95 | AF20: =(Z20+AA20+AB20)*'Ставки аренды'!$B$3/X20 | AG20: ='Ставки перевалки'!$B$3*'Курсы валют'!$B$2 | AH20: 0 | AI20: =55698921/113463679*AVERAGE(AJ20,AJ21) | AJ20: =Цены!$C$8*'Курсы валют'!$B$2 | AK20: =AJ20/Цены!$B$1 | AL20: =AE20+AF20+AG20 | AM20: =AJ20-AL20 | AN20: =AI20+AH20+AG20+AF20+AE20 | AO20: =(AJ20-AN20)/AJ20 | AP20: =AL20/AJ20 | AQ20: =AE20/AJ20 | AR20: =AE20/AL20 | AS20: 1 | AT20: =S20*AS20 | AU20: 0.95 | AV20: =(AJ20-(AE20*(1+$IS$2)+AF20+AG20+AH20+AI20))/AJ20 | AW20: =(AE20*(1+$IS$2)+AF20+AG20)/AJ20 | AX20: =(AE20*(1+$IS$2))/AJ20 | AY20: =(AE20*(1+$IS$2))/(AE20*(1+$IS$2)+AF20+AG20) | AZ20: =MIN(IF($AU20=100%,1,1+VLOOKUP(($AJ20-$AI20-$AH20-$AG20-$AF20-$AE20*(1+AZ$3))/$AJ20,'Технический лист'!$A:$B,2,1)-VLOOKUP($AO20,'Технический лист'!$A:$B,2,1)),1+(1-$AU20)) | BA20: =MIN(IF($AU20=100%,1,1+VLOOKUP(($AJ20-$AI20-$AH20-$AG20-$AF20-$AE20*(1+BA$3))/$AJ20,'Технический лист'!$A:$B,2,1)-VLOOKUP($AO20,'Технический лист'!$A:$B,2,1)),1+(1-$AU20)) | BB20: =MIN(IF($AU20=100%,1,1+VLOOKUP(($AJ20-$AI20-$AH20-$AG20-$AF20-$AE20*(1+BB$3))/$AJ20,'Технический лист'!$A:$B,2,1)-VLOOKUP($AO20,'Технический лист'!$A:$B,2,1)),1+(1-$AU20)) | BC20: =MIN(IF($AU20=100%,1,1+VLOOKUP(($AJ20-$AI20-$AH20-$AG20-$AF20-$AE20*(1+BC$3))/$AJ20,'Технический лист'!$A:$B,2,1)-VLOOKUP($AO20,'Технический лист'!$A:$B,2,1)),1+(1-$AU20)) | BD20: =MIN(IF($AU20=100%,1,1+VLOOKUP(($AJ20-$AI20-$AH20-$AG20-$AF20-$AE20*(1+BD$3))/$AJ20,'Технический лист'!$A:$B,2,1)-VLOOKUP($AO20,'Технический лист'!$A:$B,2,1)),1+(1-$AU20)) | BE20: =MIN(IF($AU20=100%,1,1+VLOOKUP(($AJ20-$AI20-$AH20-$AG20-$AF20-$AE20*(1+BE$3))/$AJ20,'Технический лист'!$A:$B,2,1)-VLOOKUP($AO20,'Технический лист'!$A:$B,2,1)),1+(1-$AU20)) | BF20: =MIN(IF($AU20=100%,1,1+VLOOKUP(($AJ20-$AI20-$AH20-$AG20-$AF20-$AE20*(1+BF$3))/$AJ20,'Технический лист'!$A:$B,2,1)-VLOOKUP($AO20,'Технический лист'!$A:$B,2,1)),1+(1-$AU20)) | BG20: =MIN(IF($AU20=100%,1,1+VLOOKUP(($AJ20-$AI20-$AH20-$AG20-$AF20-$AE20*(1+BG$3))/$AJ20,'Технический лист'!$A:$B,2,1)-VLOOKUP($AO20,'Технический лист'!$A:$B,2,1)),1+(1-$AU20)) | ... EU20: =MIN(IF($AU20=100%,1,1+VLOOKUP(($AJ20-$AI20-$AH20-$AG20-$AF20-$AE20*(1+EU$3))/$AJ20,'Технический лист'!$A:$B,2,1)-VLOOKUP($AO20,'Технический лист'!$A:$B,2,1)),1+(1-$AU20)) | EV20: 1 | EW20: =MIN(1,MAX(VLOOKUP(($AJ20-$AI20-$AH20-$AG20-$AF20-$AE20*(1+EW$3))/$AJ20,'Технический лист'!$A:$B,2,1),(EV20-0.05))) | EX20: =MIN(1,MAX(VLOOKUP(($AJ20-$AI20-$AH20-$AG20-$AF20-$AE20*(1+EX$3))/$AJ20,'Технический лист'!$A:$B,2,1),(EW20-0.05))) | EY20: =MIN(1,MAX(VLOOKUP(($AJ20-$AI20-$AH20-$AG20-$AF20-$AE20*(1+EY$3))/$AJ20,'Технический лист'!$A:$B,2,1),(EX20-0.05))) | EZ20: =MIN(1,MAX(VLOOKUP(($AJ20-$AI20-$AH20-$AG20-$AF20-$AE20*(1+EZ$3))/$AJ20,'Технический лист'!$A:$B,2,1),(EY20-0.05))) | FA20: =MIN(1,MAX(VLOOKUP(($AJ20-$AI20-$AH20-$AG20-$AF20-$AE20*(1+FA$3))/$AJ20,'Технический лист'!$A:$B,2,1),(EZ20-0.05))) | FB20: =MIN(1,MAX(VLOOKUP(($AJ20-$AI20-$AH20-$AG20-$AF20-$AE20*(1+FB$3))/$AJ20,'Технический лист'!$A:$B,2,1),(FA20-0.05))) | FC20: =MIN(1,MAX(VLOOKUP(($AJ20-$AI20-$AH20-$AG20-$AF20-$AE20*(1+FC$3))/$AJ20,'Технический лист'!$A:$B,2,1),(FB20-0.05))) | FD20: =MIN(1,MAX(VLOOKUP(($AJ20-$AI20-$AH20-$AG20-$AF20-$AE20*(1+FD$3))/$AJ20,'Технический лист'!$A:$B,2,1),(FC20-0.05))) | ... IR20: =MIN(1,MAX(VLOOKUP(($AJ20-$AI20-$AH20-$AG20-$AF20-$AE20*(1+IR$3))/$AJ20,'Технический лист'!$A:$B,2,1),(IQ20-0.05)))
A21: ЧМ (сырье) | B21: 2 | C21: Кокс каменноугольный | D21: 17107 | E21: Кокс литейный КЛ-2 | F21: КОКС КАМЕННОУГОЛЬНЫЙ | G21: СВР | H21: ВСБ | I21: ОСЕНЦЫ | J21: БАГУЛЬНАЯ | K21: 3373 | L21: Полувагоны | M21: Внутр. перевозки | N21: вагонная | O21: Восточное | P21: '000000148636 | Q21: 'ООО "ЛУКОЙЛ-Пермнефтеоргсинтез" | R21: ПАО "Лукойл" | S21: 105963 | T21: 357404692 | U21: 1611 | V21: 0 | W21: 190769898 | X21: 66 | Y21: групповая | Z21: 11 | AA21: 9 | AB21: 4 | AC21: 1990.03 | AD21: =AE21-AC21 | AE21: 2713.36 | AF21: =(Z21+AA21+AB21)*'Ставки аренды'!$B$3/X21 | AG21: 0 | AH21: 0 | AI21: =39785847/79866389*AVERAGE(AJ19,AJ20) | AJ21: =Цены!$D$9 | AK21: =AJ21/Цены!$B$1 | AL21: =AE21+AF21+AG21 | AM21: =AJ21-AL21 | AN21: =AI21+AH21+AG21+AF21+AE21 | AO21: =(AJ21-AN21)/AJ21 | AP21: =AL21/AJ21 | AQ21: =AE21/AJ21 | AR21: =AE21/AL21 | AS21: 1 | AT21: =S21*AS21 | AU21: 0.95 | AV21: =(AJ21-(AE21*(1+$IS$2)+AF21+AG21+AH21+AI21))/AJ21 | AW21: =(AE21*(1+$IS$2)+AF21+AG21)/AJ21 | AX21: =(AE21*(1+$IS$2))/AJ21 | AY21: =(AE21*(1+$IS$2))/(AE21*(1+$IS$2)+AF21+AG21) | AZ21: =MIN(IF($AU21=100%,1,1+VLOOKUP(($AJ21-$AI21-$AH21-$AG21-$AF21-$AE21*(1+AZ$3))/$AJ21,'Технический лист'!$A:$B,2,1)-VLOOKUP($AO21,'Технический лист'!$A:$B,2,1)),1+(1-$AU21)) | BA21: =MIN(IF($AU21=100%,1,1+VLOOKUP(($AJ21-$AI21-$AH21-$AG21-$AF21-$AE21*(1+BA$3))/$AJ21,'Технический лист'!$A:$B,2,1)-VLOOKUP($AO21,'Технический лист'!$A:$B,2,1)),1+(1-$AU21)) | BB21: =MIN(IF($AU21=100%,1,1+VLOOKUP(($AJ21-$AI21-$AH21-$AG21-$AF21-$AE21*(1+BB$3))/$AJ21,'Технический лист'!$A:$B,2,1)-VLOOKUP($AO21,'Технический лист'!$A:$B,2,1)),1+(1-$AU21)) | BC21: =MIN(IF($AU21=100%,1,1+VLOOKUP(($AJ21-$AI21-$AH21-$AG21-$AF21-$AE21*(1+BC$3))/$AJ21,'Технический лист'!$A:$B,2,1)-VLOOKUP($AO21,'Технический лист'!$A:$B,2,1)),1+(1-$AU21)) | BD21: =MIN(IF($AU21=100%,1,1+VLOOKUP(($AJ21-$AI21-$AH21-$AG21-$AF21-$AE21*(1+BD$3))/$AJ21,'Технический лист'!$A:$B,2,1)-VLOOKUP($AO21,'Технический лист'!$A:$B,2,1)),1+(1-$AU21)) | BE21: =MIN(IF($AU21=100%,1,1+VLOOKUP(($AJ21-$AI21-$AH21-$AG21-$AF21-$AE21*(1+BE$3))/$AJ21,'Технический лист'!$A:$B,2,1)-VLOOKUP($AO21,'Технический лист'!$A:$B,2,1)),1+(1-$AU21)) | BF21: =MIN(IF($AU21=100%,1,1+VLOOKUP(($AJ21-$AI21-$AH21-$AG21-$AF21-$AE21*(1+BF$3))/$AJ21,'Технический лист'!$A:$B,2,1)-VLOOKUP($AO21,'Технический лист'!$A:$B,2,1)),1+(1-$AU21)) | BG21: =MIN(IF($AU21=100%,1,1+VLOOKUP(($AJ21-$AI21-$AH21-$AG21-$AF21-$AE21*(1+BG$3))/$AJ21,'Технический лист'!$A:$B,2,1)-VLOOKUP($AO21,'Технический лист'!$A:$B,2,1)),1+(1-$AU21)) | ... EU21: =MIN(IF($AU21=100%,1,1+VLOOKUP(($AJ21-$AI21-$AH21-$AG21-$AF21-$AE21*(1+EU$3))/$AJ21,'Технический лист'!$A:$B,2,1)-VLOOKUP($AO21,'Технический лист'!$A:$B,2,1)),1+(1-$AU21)) | EV21: 1 | EW21: =MIN(1,MAX(VLOOKUP(($AJ21-$AI21-$AH21-$AG21-$AF21-$AE21*(1+EW$3))/$AJ21,'Технический лист'!$A:$B,2,1),(EV21-0.05))) | EX21: =MIN(1,MAX(VLOOKUP(($AJ21-$AI21-$AH21-$AG21-$AF21-$AE21*(1+EX$3))/$AJ21,'Технический лист'!$A:$B,2,1),(EW21-0.05))) | EY21: =MIN(1,MAX(VLOOKUP(($AJ21-$AI21-$AH21-$AG21-$AF21-$AE21*(1+EY$3))/$AJ21,'Технический лист'!$A:$B,2,1),(EX21-0.05))) | EZ21: =MIN(1,MAX(VLOOKUP(($AJ21-$AI21-$AH21-$AG21-$AF21-$AE21*(1+EZ$3))/$AJ21,'Технический лист'!$A:$B,2,1),(EY21-0.05))) | FA21: =MIN(1,MAX(VLOOKUP(($AJ21-$AI21-$AH21-$AG21-$AF21-$AE21*(1+FA$3))/$AJ21,'Технический лист'!$A:$B,2,1),(EZ21-0.05))) | FB21: =MIN(1,MAX(VLOOKUP(($AJ21-$AI21-$AH21-$AG21-$AF21-$AE21*(1+FB$3))/$AJ21,'Технический лист'!$A:$B,2,1),(FA21-0.05))) | FC21: =MIN(1,MAX(VLOOKUP(($AJ21-$AI21-$AH21-$AG21-$AF21-$AE21*(1+FC$3))/$AJ21,'Технический лист'!$A:$B,2,1),(FB21-0.05))) | FD21: =MIN(1,MAX(VLOOKUP(($AJ21-$AI21-$AH21-$AG21-$AF21-$AE21*(1+FD$3))/$AJ21,'Технический лист'!$A:$B,2,1),(FC21-0.05))) | ... IR21: =MIN(1,MAX(VLOOKUP(($AJ21-$AI21-$AH21-$AG21-$AF21-$AE21*(1+IR$3))/$AJ21,'Технический лист'!$A:$B,2,1),(IQ21-0.05)))
A22: ЧМ (сырье) | B22: 2 | C22: Кокс каменноугольный | D22: 17107 | E22: Кокс литейный КЛ-2 | F22: КОКС КАМЕННОУГОЛЬНЫЙ | G22: СВР | H22: ЗАБ | I22: ОСЕНЦЫ | J22: ЗАБАЙКАЛ ЭК | K22: 5225 | L22: Полувагоны | M22: Экспорт | N22: вагонная | O22: Восточное | P22: '000000148636 | Q22: 'ООО "ЛУКОЙЛ-Пермнефтеоргсинтез" | R22: ПАО "Лукойл" | S22: 4329 | T22: 22621231 | U22: 71 | V22: 0 | W22: 12901565 | X22: 66 | Y22: групповая | Z22: 16 | AA22: 12 | AB22: 4 | AC22: 2799.69 | AD22: =AE22-AC22 | AE22: 3705.45 | AF22: =(Z22+AA22+AB22)*'Ставки аренды'!$B$3/X22 | AG22: 0 | AH22: 0 | AI22: =39785847/79866389*AVERAGE(AJ19,AJ20) | AJ22: =Цены!$C$8*'Курсы валют'!$B$2 | AK22: =AJ22/Цены!$B$1 | AL22: =AE22+AF22+AG22 | AM22: =AJ22-AL22 | AN22: =AI22+AH22+AG22+AF22+AE22 | AO22: =(AJ22-AN22)/AJ22 | AP22: =AL22/AJ22 | AQ22: =AE22/AJ22 | AR22: =AE22/AL22 | AS22: 1 | AT22: =S22*AS22 | AU22: 0.95 | AV22: =(AJ22-(AE22*(1+$IS$2)+AF22+AG22+AH22+AI22))/AJ22 | AW22: =(AE22*(1+$IS$2)+AF22+AG22)/AJ22 | AX22: =(AE22*(1+$IS$2))/AJ22 | AY22: =(AE22*(1+$IS$2))/(AE22*(1+$IS$2)+AF22+AG22) | AZ22: =MIN(IF($AU22=100%,1,1+VLOOKUP(($AJ22-$AI22-$AH22-$AG22-$AF22-$AE22*(1+AZ$3))/$AJ22,'Технический лист'!$A:$B,2,1)-VLOOKUP($AO22,'Технический лист'!$A:$B,2,1)),1+(1-$AU22)) | BA22: =MIN(IF($AU22=100%,1,1+VLOOKUP(($AJ22-$AI22-$AH22-$AG22-$AF22-$AE22*(1+BA$3))/$AJ22,'Технический лист'!$A:$B,2,1)-VLOOKUP($AO22,'Технический лист'!$A:$B,2,1)),1+(1-$AU22)) | BB22: =MIN(IF($AU22=100%,1,1+VLOOKUP(($AJ22-$AI22-$AH22-$AG22-$AF22-$AE22*(1+BB$3))/$AJ22,'Технический лист'!$A:$B,2,1)-VLOOKUP($AO22,'Технический лист'!$A:$B,2,1)),1+(1-$AU22)) | BC22: =MIN(IF($AU22=100%,1,1+VLOOKUP(($AJ22-$AI22-$AH22-$AG22-$AF22-$AE22*(1+BC$3))/$AJ22,'Технический лист'!$A:$B,2,1)-VLOOKUP($AO22,'Технический лист'!$A:$B,2,1)),1+(1-$AU22)) | BD22: =MIN(IF($AU22=100%,1,1+VLOOKUP(($AJ22-$AI22-$AH22-$AG22-$AF22-$AE22*(1+BD$3))/$AJ22,'Технический лист'!$A:$B,2,1)-VLOOKUP($AO22,'Технический лист'!$A:$B,2,1)),1+(1-$AU22)) | BE22: =MIN(IF($AU22=100%,1,1+VLOOKUP(($AJ22-$AI22-$AH22-$AG22-$AF22-$AE22*(1+BE$3))/$AJ22,'Технический лист'!$A:$B,2,1)-VLOOKUP($AO22,'Технический лист'!$A:$B,2,1)),1+(1-$AU22)) | BF22: =MIN(IF($AU22=100%,1,1+VLOOKUP(($AJ22-$AI22-$AH22-$AG22-$AF22-$AE22*(1+BF$3))/$AJ22,'Технический лист'!$A:$B,2,1)-VLOOKUP($AO22,'Технический лист'!$A:$B,2,1)),1+(1-$AU22)) | BG22: =MIN(IF($AU22=100%,1,1+VLOOKUP(($AJ22-$AI22-$AH22-$AG22-$AF22-$AE22*(1+BG$3))/$AJ22,'Технический лист'!$A:$B,2,1)-VLOOKUP($AO22,'Технический лист'!$A:$B,2,1)),1+(1-$AU22)) | ... EU22: =MIN(IF($AU22=100%,1,1+VLOOKUP(($AJ22-$AI22-$AH22-$AG22-$AF22-$AE22*(1+EU$3))/$AJ22,'Технический лист'!$A:$B,2,1)-VLOOKUP($AO22,'Технический лист'!$A:$B,2,1)),1+(1-$AU22)) | EV22: 1 | EW22: =MIN(1,MAX(VLOOKUP(($AJ22-$AI22-$AH22-$AG22-$AF22-$AE22*(1+EW$3))/$AJ22,'Технический лист'!$A:$B,2,1),(EV22-0.05))) | EX22: =MIN(1,MAX(VLOOKUP(($AJ22-$AI22-$AH22-$AG22-$AF22-$AE22*(1+EX$3))/$AJ22,'Технический лист'!$A:$B,2,1),(EW22-0.05))) | EY22: =MIN(1,MAX(VLOOKUP(($AJ22-$AI22-$AH22-$AG22-$AF22-$AE22*(1+EY$3))/$AJ22,'Технический лист'!$A:$B,2,1),(EX22-0.05))) | EZ22: =MIN(1,MAX(VLOOKUP(($AJ22-$AI22-$AH22-$AG22-$AF22-$AE22*(1+EZ$3))/$AJ22,'Технический лист'!$A:$B,2,1),(EY22-0.05))) | FA22: =MIN(1,MAX(VLOOKUP(($AJ22-$AI22-$AH22-$AG22-$AF22-$AE22*(1+FA$3))/$AJ22,'Технический лист'!$A:$B,2,1),(EZ22-0.05))) | FB22: =MIN(1,MAX(VLOOKUP(($AJ22-$AI22-$AH22-$AG22-$AF22-$AE22*(1+FB$3))/$AJ22,'Технический лист'!$A:$B,2,1),(FA22-0.05))) | FC22: =MIN(1,MAX(VLOOKUP(($AJ22-$AI22-$AH22-$AG22-$AF22-$AE22*(1+FC$3))/$AJ22,'Технический лист'!$A:$B,2,1),(FB22-0.05))) | FD22: =MIN(1,MAX(VLOOKUP(($AJ22-$AI22-$AH22-$AG22-$AF22-$AE22*(1+FD$3))/$AJ22,'Технический лист'!$A:$B,2,1),(FC22-0.05))) | ... IR22: =MIN(1,MAX(VLOOKUP(($AJ22-$AI22-$AH22-$AG22-$AF22-$AE22*(1+IR$3))/$AJ22,'Технический лист'!$A:$B,2,1),(IQ22-0.05)))
A23: ЧМ (сырье) | B23: 2 | C23: Кокс каменноугольный | D23: 17107 | E23: Кокс литейный КЛ-2 | F23: КОКС КАМЕННОУГОЛЬНЫЙ | G23: ГОР | H23: ОКТ | I23: ЗЕЛЕЦИНО | J23: ЛУЖСКАЯ-ЭКСП | K23: 1522 | L23: Полувагоны | M23: Экспорт | N23: вагонная | O23: Северо-Западное | P23: '000005747181 | Q23: 'ООО "ЛУКОЙЛ-Нижегороднефтеоргсинтез" | R23: ПАО "Лукойл" | S23: 188450 | T23: 286795312 | U23: 2909 | V23: 0 | W23: 211081112 | X23: 65 | Y23: групповая | Z23: 8 | AA23: 8 | AB23: 4 | AC23: 1311.82 | AD23: =AE23-AC23 | AE23: 1771.2 | AF23: =(Z23+AA23+AB23)*'Ставки аренды'!$B$3/X23 | AG23: ='Ставки перевалки'!$B$4*'Курсы валют'!$B$2 | AH23: 0 | AI23: =55698921/113463679*AVERAGE(AJ20,AJ21) | AJ23: =Цены!$C$8*'Курсы валют'!$B$2 | AK23: =AJ23/Цены!$B$1 | AL23: =AE23+AF23+AG23 | AM23: =AJ23-AL23 | AN23: =AI23+AH23+AG23+AF23+AE23 | AO23: =(AJ23-AN23)/AJ23 | AP23: =AL23/AJ23 | AQ23: =AE23/AJ23 | AR23: =AE23/AL23 | AS23: 1 | AT23: =S23*AS23 | AU23: 0.95 | AV23: =(AJ23-(AE23*(1+$IS$2)+AF23+AG23+AH23+AI23))/AJ23 | AW23: =(AE23*(1+$IS$2)+AF23+AG23)/AJ23 | AX23: =(AE23*(1+$IS$2))/AJ23 | AY23: =(AE23*(1+$IS$2))/(AE23*(1+$IS$2)+AF23+AG23) | AZ23: =MIN(IF($AU23=100%,1,1+VLOOKUP(($AJ23-$AI23-$AH23-$AG23-$AF23-$AE23*(1+AZ$3))/$AJ23,'Технический лист'!$A:$B,2,1)-VLOOKUP($AO23,'Технический лист'!$A:$B,2,1)),1+(1-$AU23)) | BA23: =MIN(IF($AU23=100%,1,1+VLOOKUP(($AJ23-$AI23-$AH23-$AG23-$AF23-$AE23*(1+BA$3))/$AJ23,'Технический лист'!$A:$B,2,1)-VLOOKUP($AO23,'Технический лист'!$A:$B,2,1)),1+(1-$AU23)) | BB23: =MIN(IF($AU23=100%,1,1+VLOOKUP(($AJ23-$AI23-$AH23-$AG23-$AF23-$AE23*(1+BB$3))/$AJ23,'Технический лист'!$A:$B,2,1)-VLOOKUP($AO23,'Технический лист'!$A:$B,2,1)),1+(1-$AU23)) | BC23: =MIN(IF($AU23=100%,1,1+VLOOKUP(($AJ23-$AI23-$AH23-$AG23-$AF23-$AE23*(1+BC$3))/$AJ23,'Технический лист'!$A:$B,2,1)-VLOOKUP($AO23,'Технический лист'!$A:$B,2,1)),1+(1-$AU23)) | BD23: =MIN(IF($AU23=100%,1,1+VLOOKUP(($AJ23-$AI23-$AH23-$AG23-$AF23-$AE23*(1+BD$3))/$AJ23,'Технический лист'!$A:$B,2,1)-VLOOKUP($AO23,'Технический лист'!$A:$B,2,1)),1+(1-$AU23)) | BE23: =MIN(IF($AU23=100%,1,1+VLOOKUP(($AJ23-$AI23-$AH23-$AG23-$AF23-$AE23*(1+BE$3))/$AJ23,'Технический лист'!$A:$B,2,1)-VLOOKUP($AO23,'Технический лист'!$A:$B,2,1)),1+(1-$AU23)) | BF23: =MIN(IF($AU23=100%,1,1+VLOOKUP(($AJ23-$AI23-$AH23-$AG23-$AF23-$AE23*(1+BF$3))/$AJ23,'Технический лист'!$A:$B,2,1)-VLOOKUP($AO23,'Технический лист'!$A:$B,2,1)),1+(1-$AU23)) | BG23: =MIN(IF($AU23=100%,1,1+VLOOKUP(($AJ23-$AI23-$AH23-$AG23-$AF23-$AE23*(1+BG$3))/$AJ23,'Технический лист'!$A:$B,2,1)-VLOOKUP($AO23,'Технический лист'!$A:$B,2,1)),1+(1-$AU23)) | ... EU23: =MIN(IF($AU23=100%,1,1+VLOOKUP(($AJ23-$AI23-$AH23-$AG23-$AF23-$AE23*(1+EU$3))/$AJ23,'Технический лист'!$A:$B,2,1)-VLOOKUP($AO23,'Технический лист'!$A:$B,2,1)),1+(1-$AU23)) | EV23: 1 | EW23: =MIN(1,MAX(VLOOKUP(($AJ23-$AI23-$AH23-$AG23-$AF23-$AE23*(1+EW$3))/$AJ23,'Технический лист'!$A:$B,2,1),(EV23-0.05))) | EX23: =MIN(1,MAX(VLOOKUP(($AJ23-$AI23-$AH23-$AG23-$AF23-$AE23*(1+EX$3))/$AJ23,'Технический лист'!$A:$B,2,1),(EW23-0.05))) | EY23: =MIN(1,MAX(VLOOKUP(($AJ23-$AI23-$AH23-$AG23-$AF23-$AE23*(1+EY$3))/$AJ23,'Технический лист'!$A:$B,2,1),(EX23-0.05))) | EZ23: =MIN(1,MAX(VLOOKUP(($AJ23-$AI23-$AH23-$AG23-$AF23-$AE23*(1+EZ$3))/$AJ23,'Технический лист'!$A:$B,2,1),(EY23-0.05))) | FA23: =MIN(1,MAX(VLOOKUP(($AJ23-$AI23-$AH23-$AG23-$AF23-$AE23*(1+FA$3))/$AJ23,'Технический лист'!$A:$B,2,1),(EZ23-0.05))) | FB23: =MIN(1,MAX(VLOOKUP(($AJ23-$AI23-$AH23-$AG23-$AF23-$AE23*(1+FB$3))/$AJ23,'Технический лист'!$A:$B,2,1),(FA23-0.05))) | FC23: =MIN(1,MAX(VLOOKUP(($AJ23-$AI23-$AH23-$AG23-$AF23-$AE23*(1+FC$3))/$AJ23,'Технический лист'!$A:$B,2,1),(FB23-0.05))) | FD23: =MIN(1,MAX(VLOOKUP(($AJ23-$AI23-$AH23-$AG23-$AF23-$AE23*(1+FD$3))/$AJ23,'Технический лист'!$A:$B,2,1),(FC23-0.05))) | ... IR23: =MIN(1,MAX(VLOOKUP(($AJ23-$AI23-$AH23-$AG23-$AF23-$AE23*(1+IR$3))/$AJ23,'Технический лист'!$A:$B,2,1),(IQ23-0.05)))
A24: ЧМ (сырье) | B24: 2 | C24: Кокс каменноугольный | D24: 17108 | E24: Кокс литейный КЛ-3 | F24: КОКС КАМЕННОУГОЛЬНЫЙ | G24: МСК | H24: МСК | I24: БИРЮЛЕВО-ТОВ | J24: ЯСНАЯ ПОЛЯНА | K24: 236 | L24: Полувагоны | M24: Внутр. перевозки | N24: вагонная | O24: Северо-Западное | P24: '000000187852 | Q24: 'АО "Московский Коксогазовый Завод" | R24: ПАО "Мечел" | S24: 113824 | T24: 26862542 | U24: 2235 | V24: 0 | W24: 51596157 | X24: 51 | Y24: групповая | Z24: 5 | AA24: 5 | AB24: 4 | AC24: 492.04 | AD24: =AE24-AC24 | AE24: 600.04 | AF24: =(Z24+AA24+AB24)*'Ставки аренды'!$B$3/X24 | AG24: 0 | AH24: 0 | AI24: =1.01*AJ24 | AJ24: =Цены!$D$9 | AK24: =AJ24/Цены!$B$1 | AL24: =AE24+AF24+AG24 | AM24: =AJ24-AL24 | AN24: =AI24+AH24+AG24+AF24+AE24 | AO24: =(AJ24-AN24)/AJ24 | AP24: =AL24/AJ24 | AQ24: =AE24/AJ24 | AR24: =AE24/AL24 | AS24: 1 | AT24: =S24*AS24 | AU24: 0.95 | AV24: =(AJ24-(AE24*(1+$IS$2)+AF24+AG24+AH24+AI24))/AJ24 | AW24: =(AE24*(1+$IS$2)+AF24+AG24)/AJ24 | AX24: =(AE24*(1+$IS$2))/AJ24 | AY24: =(AE24*(1+$IS$2))/(AE24*(1+$IS$2)+AF24+AG24) | AZ24: =MIN(IF($AU24=100%,1,1+VLOOKUP(($AJ24-$AI24-$AH24-$AG24-$AF24-$AE24*(1+AZ$3))/$AJ24,'Технический лист'!$A:$B,2,1)-VLOOKUP($AO24,'Технический лист'!$A:$B,2,1)),1+(1-$AU24)) | BA24: =MIN(IF($AU24=100%,1,1+VLOOKUP(($AJ24-$AI24-$AH24-$AG24-$AF24-$AE24*(1+BA$3))/$AJ24,'Технический лист'!$A:$B,2,1)-VLOOKUP($AO24,'Технический лист'!$A:$B,2,1)),1+(1-$AU24)) | BB24: =MIN(IF($AU24=100%,1,1+VLOOKUP(($AJ24-$AI24-$AH24-$AG24-$AF24-$AE24*(1+BB$3))/$AJ24,'Технический лист'!$A:$B,2,1)-VLOOKUP($AO24,'Технический лист'!$A:$B,2,1)),1+(1-$AU24)) | BC24: =MIN(IF($AU24=100%,1,1+VLOOKUP(($AJ24-$AI24-$AH24-$AG24-$AF24-$AE24*(1+BC$3))/$AJ24,'Технический лист'!$A:$B,2,1)-VLOOKUP($AO24,'Технический лист'!$A:$B,2,1)),1+(1-$AU24)) | BD24: =MIN(IF($AU24=100%,1,1+VLOOKUP(($AJ24-$AI24-$AH24-$AG24-$AF24-$AE24*(1+BD$3))/$AJ24,'Технический лист'!$A:$B,2,1)-VLOOKUP($AO24,'Технический лист'!$A:$B,2,1)),1+(1-$AU24)) | BE24: =MIN(IF($AU24=100%,1,1+VLOOKUP(($AJ24-$AI24-$AH24-$AG24-$AF24-$AE24*(1+BE$3))/$AJ24,'Технический лист'!$A:$B,2,1)-VLOOKUP($AO24,'Технический лист'!$A:$B,2,1)),1+(1-$AU24)) | BF24: =MIN(IF($AU24=100%,1,1+VLOOKUP(($AJ24-$AI24-$AH24-$AG24-$AF24-$AE24*(1+BF$3))/$AJ24,'Технический лист'!$A:$B,2,1)-VLOOKUP($AO24,'Технический лист'!$A:$B,2,1)),1+(1-$AU24)) | BG24: =MIN(IF($AU24=100%,1,1+VLOOKUP(($AJ24-$AI24-$AH24-$AG24-$AF24-$AE24*(1+BG$3))/$AJ24,'Технический лист'!$A:$B,2,1)-VLOOKUP($AO24,'Технический лист'!$A:$B,2,1)),1+(1-$AU24)) | ... EU24: =MIN(IF($AU24=100%,1,1+VLOOKUP(($AJ24-$AI24-$AH24-$AG24-$AF24-$AE24*(1+EU$3))/$AJ24,'Технический лист'!$A:$B,2,1)-VLOOKUP($AO24,'Технический лист'!$A:$B,2,1)),1+(1-$AU24)) | EV24: 1 | EW24: =MIN(1,MAX(VLOOKUP(($AJ24-$AI24-$AH24-$AG24-$AF24-$AE24*(1+EW$3))/$AJ24,'Технический лист'!$A:$B,2,1),(EV24-0.05))) | EX24: =MIN(1,MAX(VLOOKUP(($AJ24-$AI24-$AH24-$AG24-$AF24-$AE24*(1+EX$3))/$AJ24,'Технический лист'!$A:$B,2,1),(EW24-0.05))) | EY24: =MIN(1,MAX(VLOOKUP(($AJ24-$AI24-$AH24-$AG24-$AF24-$AE24*(1+EY$3))/$AJ24,'Технический лист'!$A:$B,2,1),(EX24-0.05))) | EZ24: =MIN(1,MAX(VLOOKUP(($AJ24-$AI24-$AH24-$AG24-$AF24-$AE24*(1+EZ$3))/$AJ24,'Технический лист'!$A:$B,2,1),(EY24-0.05))) | FA24: =MIN(1,MAX(VLOOKUP(($AJ24-$AI24-$AH24-$AG24-$AF24-$AE24*(1+FA$3))/$AJ24,'Технический лист'!$A:$B,2,1),(EZ24-0.05))) | FB24: =MIN(1,MAX(VLOOKUP(($AJ24-$AI24-$AH24-$AG24-$AF24-$AE24*(1+FB$3))/$AJ24,'Технический лист'!$A:$B,2,1),(FA24-0.05))) | FC24: =MIN(1,MAX(VLOOKUP(($AJ24-$AI24-$AH24-$AG24-$AF24-$AE24*(1+FC$3))/$AJ24,'Технический лист'!$A:$B,2,1),(FB24-0.05))) | FD24: =MIN(1,MAX(VLOOKUP(($AJ24-$AI24-$AH24-$AG24-$AF24-$AE24*(1+FD$3))/$AJ24,'Технический лист'!$A:$B,2,1),(FC24-0.05))) | ... IR24: =MIN(1,MAX(VLOOKUP(($AJ24-$AI24-$AH24-$AG24-$AF24-$AE24*(1+IR$3))/$AJ24,'Технический лист'!$A:$B,2,1),(IQ24-0.05)))
A25: ЧМ (сырье) | B25: 2 | C25: Кокс каменноугольный | D25: 17108 | E25: Кокс литейный КЛ-3 | F25: КОКС КАМЕННОУГОЛЬНЫЙ | G25: МСК | H25: СВР | I25: БИРЮЛЕВО-ТОВ | J25: СМЫЧКА | K25: 2303 | L25: Полувагоны | M25: Внутр. перевозки | N25: вагонная | O25: Южное | P25: '000000187852 | Q25: 'АО "Московский Коксогазовый Завод" | R25: ПАО "Мечел" | S25: 51703 | T25: 119081287 | U25: 1039 | V25: 0 | W25: 80898804 | X25: 51 | Y25: групповая | Z25: 9 | AA25: 7 | AB25: 4 | AC25: 1695.49 | AD25: =AE25-AC25 | AE25: 2402.31 | AF25: =(Z25+AA25+AB25)*'Ставки аренды'!$B$3/X25 | AG25: 0 | AH25: 0 | AI25: =1.01*AJ25 | AJ25: =Цены!$D$9 | AK25: =AJ25/Цены!$B$1 | AL25: =AE25+AF25+AG25 | AM25: =AJ25-AL25 | AN25: =AI25+AH25+AG25+AF25+AE25 | AO25: =(AJ25-AN25)/AJ25 | AP25: =AL25/AJ25 | AQ25: =AE25/AJ25 | AR25: =AE25/AL25 | AS25: 1 | AT25: =S25*AS25 | AU25: 0.95 | AV25: =(AJ25-(AE25*(1+$IS$2)+AF25+AG25+AH25+AI25))/AJ25 | AW25: =(AE25*(1+$IS$2)+AF25+AG25)/AJ25 | AX25: =(AE25*(1+$IS$2))/AJ25 | AY25: =(AE25*(1+$IS$2))/(AE25*(1+$IS$2)+AF25+AG25) | AZ25: =MIN(IF($AU25=100%,1,1+VLOOKUP(($AJ25-$AI25-$AH25-$AG25-$AF25-$AE25*(1+AZ$3))/$AJ25,'Технический лист'!$A:$B,2,1)-VLOOKUP($AO25,'Технический лист'!$A:$B,2,1)),1+(1-$AU25)) | BA25: =MIN(IF($AU25=100%,1,1+VLOOKUP(($AJ25-$AI25-$AH25-$AG25-$AF25-$AE25*(1+BA$3))/$AJ25,'Технический лист'!$A:$B,2,1)-VLOOKUP($AO25,'Технический лист'!$A:$B,2,1)),1+(1-$AU25)) | BB25: =MIN(IF($AU25=100%,1,1+VLOOKUP(($AJ25-$AI25-$AH25-$AG25-$AF25-$AE25*(1+BB$3))/$AJ25,'Технический лист'!$A:$B,2,1)-VLOOKUP($AO25,'Технический лист'!$A:$B,2,1)),1+(1-$AU25)) | BC25: =MIN(IF($AU25=100%,1,1+VLOOKUP(($AJ25-$AI25-$AH25-$AG25-$AF25-$AE25*(1+BC$3))/$AJ25,'Технический лист'!$A:$B,2,1)-VLOOKUP($AO25,'Технический лист'!$A:$B,2,1)),1+(1-$AU25)) | BD25: =MIN(IF($AU25=100%,1,1+VLOOKUP(($AJ25-$AI25-$AH25-$AG25-$AF25-$AE25*(1+BD$3))/$AJ25,'Технический лист'!$A:$B,2,1)-VLOOKUP($AO25,'Технический лист'!$A:$B,2,1)),1+(1-$AU25)) | BE25: =MIN(IF($AU25=100%,1,1+VLOOKUP(($AJ25-$AI25-$AH25-$AG25-$AF25-$AE25*(1+BE$3))/$AJ25,'Технический лист'!$A:$B,2,1)-VLOOKUP($AO25,'Технический лист'!$A:$B,2,1)),1+(1-$AU25)) | BF25: =MIN(IF($AU25=100%,1,1+VLOOKUP(($AJ25-$AI25-$AH25-$AG25-$AF25-$AE25*(1+BF$3))/$AJ25,'Технический лист'!$A:$B,2,1)-VLOOKUP($AO25,'Технический лист'!$A:$B,2,1)),1+(1-$AU25)) | BG25: =MIN(IF($AU25=100%,1,1+VLOOKUP(($AJ25-$AI25-$AH25-$AG25-$AF25-$AE25*(1+BG$3))/$AJ25,'Технический лист'!$A:$B,2,1)-VLOOKUP($AO25,'Технический лист'!$A:$B,2,1)),1+(1-$AU25)) | ... EU25: =MIN(IF($AU25=100%,1,1+VLOOKUP(($AJ25-$AI25-$AH25-$AG25-$AF25-$AE25*(1+EU$3))/$AJ25,'Технический лист'!$A:$B,2,1)-VLOOKUP($AO25,'Технический лист'!$A:$B,2,1)),1+(1-$AU25)) | EV25: 1 | EW25: =MIN(1,MAX(VLOOKUP(($AJ25-$AI25-$AH25-$AG25-$AF25-$AE25*(1+EW$3))/$AJ25,'Технический лист'!$A:$B,2,1),(EV25-0.05))) | EX25: =MIN(1,MAX(VLOOKUP(($AJ25-$AI25-$AH25-$AG25-$AF25-$AE25*(1+EX$3))/$AJ25,'Технический лист'!$A:$B,2,1),(EW25-0.05))) | EY25: =MIN(1,MAX(VLOOKUP(($AJ25-$AI25-$AH25-$AG25-$AF25-$AE25*(1+EY$3))/$AJ25,'Технический лист'!$A:$B,2,1),(EX25-0.05))) | EZ25: =MIN(1,MAX(VLOOKUP(($AJ25-$AI25-$AH25-$AG25-$AF25-$AE25*(1+EZ$3))/$AJ25,'Технический лист'!$A:$B,2,1),(EY25-0.05))) | FA25: =MIN(1,MAX(VLOOKUP(($AJ25-$AI25-$AH25-$AG25-$AF25-$AE25*(1+FA$3))/$AJ25,'Технический лист'!$A:$B,2,1),(EZ25-0.05))) | FB25: =MIN(1,MAX(VLOOKUP(($AJ25-$AI25-$AH25-$AG25-$AF25-$AE25*(1+FB$3))/$AJ25,'Технический лист'!$A:$B,2,1),(FA25-0.05))) | FC25: =MIN(1,MAX(VLOOKUP(($AJ25-$AI25-$AH25-$AG25-$AF25-$AE25*(1+FC$3))/$AJ25,'Технический лист'!$A:$B,2,1),(FB25-0.05))) | FD25: =MIN(1,MAX(VLOOKUP(($AJ25-$AI25-$AH25-$AG25-$AF25-$AE25*(1+FD$3))/$AJ25,'Технический лист'!$A:$B,2,1),(FC25-0.05))) | ... IR25: =MIN(1,MAX(VLOOKUP(($AJ25-$AI25-$AH25-$AG25-$AF25-$AE25*(1+IR$3))/$AJ25,'Технический лист'!$A:$B,2,1),(IQ25-0.05)))
A26: ЧМ (сырье) | B26: 2 | C26: Кокс каменноугольный | D26: 17110 | E26: Кокс, не поименованный в алфавите | F26: КОКС КАМЕННОУГОЛЬНЫЙ | G26: ЮУР | H26: СКВ | I26: МЕТАЛЛУРГИЧ. | J26: ТЕМРЮК-ЭКСП | K26: 2850 | L26: Полувагоны | M26: Экспорт | N26: вагонная | O26: Южное | P26: '000000186465 | Q26: ПАО "Челябинский металлургический комбинат" | R26: ПАО "Мечел" | S26: 18367 | T26: 52340331 | U26: 308 | V26: 0 | W26: 34970109 | X26: 60 | Y26: групповая | Z26: 11 | AA26: 8 | AB26: 4 | AC26: 2061.98 | AD26: =AE26-AC26 | AE26: 2780.2 | AF26: =(Z26+AA26+AB26)*'Ставки аренды'!$B$3/X26 | AG26: ='Ставки перевалки'!$B$3*'Курсы валют'!$B$2 | AH26: 0 | AI26: =131496272/143742760*AVERAGE(AJ26,AJ27) | AJ26: =Цены!$C$8*'Курсы валют'!$B$2 | AK26: =AJ26/Цены!$B$1 | AL26: =AE26+AF26+AG26 | AM26: =AJ26-AL26 | AN26: =AI26+AH26+AG26+AF26+AE26 | AO26: =(AJ26-AN26)/AJ26 | AP26: =AL26/AJ26 | AQ26: =AE26/AJ26 | AR26: =AE26/AL26 | AS26: 1 | AT26: =S26*AS26 | AU26: 0.95 | AV26: =(AJ26-(AE26*(1+$IS$2)+AF26+AG26+AH26+AI26))/AJ26 | AW26: =(AE26*(1+$IS$2)+AF26+AG26)/AJ26 | AX26: =(AE26*(1+$IS$2))/AJ26 | AY26: =(AE26*(1+$IS$2))/(AE26*(1+$IS$2)+AF26+AG26) | AZ26: =MIN(IF($AU26=100%,1,1+VLOOKUP(($AJ26-$AI26-$AH26-$AG26-$AF26-$AE26*(1+AZ$3))/$AJ26,'Технический лист'!$A:$B,2,1)-VLOOKUP($AO26,'Технический лист'!$A:$B,2,1)),1+(1-$AU26)) | BA26: =MIN(IF($AU26=100%,1,1+VLOOKUP(($AJ26-$AI26-$AH26-$AG26-$AF26-$AE26*(1+BA$3))/$AJ26,'Технический лист'!$A:$B,2,1)-VLOOKUP($AO26,'Технический лист'!$A:$B,2,1)),1+(1-$AU26)) | BB26: =MIN(IF($AU26=100%,1,1+VLOOKUP(($AJ26-$AI26-$AH26-$AG26-$AF26-$AE26*(1+BB$3))/$AJ26,'Технический лист'!$A:$B,2,1)-VLOOKUP($AO26,'Технический лист'!$A:$B,2,1)),1+(1-$AU26)) | BC26: =MIN(IF($AU26=100%,1,1+VLOOKUP(($AJ26-$AI26-$AH26-$AG26-$AF26-$AE26*(1+BC$3))/$AJ26,'Технический лист'!$A:$B,2,1)-VLOOKUP($AO26,'Технический лист'!$A:$B,2,1)),1+(1-$AU26)) | BD26: =MIN(IF($AU26=100%,1,1+VLOOKUP(($AJ26-$AI26-$AH26-$AG26-$AF26-$AE26*(1+BD$3))/$AJ26,'Технический лист'!$A:$B,2,1)-VLOOKUP($AO26,'Технический лист'!$A:$B,2,1)),1+(1-$AU26)) | BE26: =MIN(IF($AU26=100%,1,1+VLOOKUP(($AJ26-$AI26-$AH26-$AG26-$AF26-$AE26*(1+BE$3))/$AJ26,'Технический лист'!$A:$B,2,1)-VLOOKUP($AO26,'Технический лист'!$A:$B,2,1)),1+(1-$AU26)) | BF26: =MIN(IF($AU26=100%,1,1+VLOOKUP(($AJ26-$AI26-$AH26-$AG26-$AF26-$AE26*(1+BF$3))/$AJ26,'Технический лист'!$A:$B,2,1)-VLOOKUP($AO26,'Технический лист'!$A:$B,2,1)),1+(1-$AU26)) | BG26: =MIN(IF($AU26=100%,1,1+VLOOKUP(($AJ26-$AI26-$AH26-$AG26-$AF26-$AE26*(1+BG$3))/$AJ26,'Технический лист'!$A:$B,2,1)-VLOOKUP($AO26,'Технический лист'!$A:$B,2,1)),1+(1-$AU26)) | ... EU26: =MIN(IF($AU26=100%,1,1+VLOOKUP(($AJ26-$AI26-$AH26-$AG26-$AF26-$AE26*(1+EU$3))/$AJ26,'Технический лист'!$A:$B,2,1)-VLOOKUP($AO26,'Технический лист'!$A:$B,2,1)),1+(1-$AU26)) | EV26: 1 | EW26: =MIN(1,MAX(VLOOKUP(($AJ26-$AI26-$AH26-$AG26-$AF26-$AE26*(1+EW$3))/$AJ26,'Технический лист'!$A:$B,2,1),(EV26-0.05))) | EX26: =MIN(1,MAX(VLOOKUP(($AJ26-$AI26-$AH26-$AG26-$AF26-$AE26*(1+EX$3))/$AJ26,'Технический лист'!$A:$B,2,1),(EW26-0.05))) | EY26: =MIN(1,MAX(VLOOKUP(($AJ26-$AI26-$AH26-$AG26-$AF26-$AE26*(1+EY$3))/$AJ26,'Технический лист'!$A:$B,2,1),(EX26-0.05))) | EZ26: =MIN(1,MAX(VLOOKUP(($AJ26-$AI26-$AH26-$AG26-$AF26-$AE26*(1+EZ$3))/$AJ26,'Технический лист'!$A:$B,2,1),(EY26-0.05))) | FA26: =MIN(1,MAX(VLOOKUP(($AJ26-$AI26-$AH26-$AG26-$AF26-$AE26*(1+FA$3))/$AJ26,'Технический лист'!$A:$B,2,1),(EZ26-0.05))) | FB26: =MIN(1,MAX(VLOOKUP(($AJ26-$AI26-$AH26-$AG26-$AF26-$AE26*(1+FB$3))/$AJ26,'Технический лист'!$A:$B,2,1),(FA26-0.05))) | FC26: =MIN(1,MAX(VLOOKUP(($AJ26-$AI26-$AH26-$AG26-$AF26-$AE26*(1+FC$3))/$AJ26,'Технический лист'!$A:$B,2,1),(FB26-0.05))) | FD26: =MIN(1,MAX(VLOOKUP(($AJ26-$AI26-$AH26-$AG26-$AF26-$AE26*(1+FD$3))/$AJ26,'Технический лист'!$A:$B,2,1),(FC26-0.05))) | ... IR26: =MIN(1,MAX(VLOOKUP(($AJ26-$AI26-$AH26-$AG26-$AF26-$AE26*(1+IR$3))/$AJ26,'Технический лист'!$A:$B,2,1),(IQ26-0.05)))
A27: ЧМ (сырье) | B27: 2 | C27: Кокс каменноугольный | D27: 17106 | E27: Кокс литейный КЛ-1 | F27: КОКС КАМЕННОУГОЛЬНЫЙ | G27: ЮУР | H27: ВСБ | I27: МЕТАЛЛУРГИЧ. | J27: ГОНЧАРОВО | K27: 3312 | L27: Полувагоны | M27: Внутр. перевозки | N27: вагонная | O27: Восточное | P27: '000079597952 | Q27: ПАО "Мечел" | R27: ПАО "Мечел" | S27: 12030 | T27: 39837443 | U27: 218 | V27: 0 | W27: 24770586 | X27: 55 | Y27: повагонная | Z27: 11 | AA27: 9 | AB27: 4 | AC27: 2323.16 | AD27: =AE27-AC27 | AE27: 3198.95 | AF27: =(Z27+AA27+AB27)*'Ставки аренды'!$B$3/X27 | AG27: 0 | AH27: 0 | AI27: =131496272/143742760*AVERAGE(AJ26,AJ27) | AJ27: =Цены!$D$9 | AK27: =AJ27/Цены!$B$1 | AL27: =AE27+AF27+AG27 | AM27: =AJ27-AL27 | AN27: =AI27+AH27+AG27+AF27+AE27 | AO27: =(AJ27-AN27)/AJ27 | AP27: =AL27/AJ27 | AQ27: =AE27/AJ27 | AR27: =AE27/AL27 | AS27: 1 | AT27: =S27*AS27 | AU27: 0.95 | AV27: =(AJ27-(AE27*(1+$IS$2)+AF27+AG27+AH27+AI27))/AJ27 | AW27: =(AE27*(1+$IS$2)+AF27+AG27)/AJ27 | AX27: =(AE27*(1+$IS$2))/AJ27 | AY27: =(AE27*(1+$IS$2))/(AE27*(1+$IS$2)+AF27+AG27) | AZ27: =MIN(IF($AU27=100%,1,1+VLOOKUP(($AJ27-$AI27-$AH27-$AG27-$AF27-$AE27*(1+AZ$3))/$AJ27,'Технический лист'!$A:$B,2,1)-VLOOKUP($AO27,'Технический лист'!$A:$B,2,1)),1+(1-$AU27)) | BA27: =MIN(IF($AU27=100%,1,1+VLOOKUP(($AJ27-$AI27-$AH27-$AG27-$AF27-$AE27*(1+BA$3))/$AJ27,'Технический лист'!$A:$B,2,1)-VLOOKUP($AO27,'Технический лист'!$A:$B,2,1)),1+(1-$AU27)) | BB27: =MIN(IF($AU27=100%,1,1+VLOOKUP(($AJ27-$AI27-$AH27-$AG27-$AF27-$AE27*(1+BB$3))/$AJ27,'Технический лист'!$A:$B,2,1)-VLOOKUP($AO27,'Технический лист'!$A:$B,2,1)),1+(1-$AU27)) | BC27: =MIN(IF($AU27=100%,1,1+VLOOKUP(($AJ27-$AI27-$AH27-$AG27-$AF27-$AE27*(1+BC$3))/$AJ27,'Технический лист'!$A:$B,2,1)-VLOOKUP($AO27,'Технический лист'!$A:$B,2,1)),1+(1-$AU27)) | BD27: =MIN(IF($AU27=100%,1,1+VLOOKUP(($AJ27-$AI27-$AH27-$AG27-$AF27-$AE27*(1+BD$3))/$AJ27,'Технический лист'!$A:$B,2,1)-VLOOKUP($AO27,'Технический лист'!$A:$B,2,1)),1+(1-$AU27)) | BE27: =MIN(IF($AU27=100%,1,1+VLOOKUP(($AJ27-$AI27-$AH27-$AG27-$AF27-$AE27*(1+BE$3))/$AJ27,'Технический лист'!$A:$B,2,1)-VLOOKUP($AO27,'Технический лист'!$A:$B,2,1)),1+(1-$AU27)) | BF27: =MIN(IF($AU27=100%,1,1+VLOOKUP(($AJ27-$AI27-$AH27-$AG27-$AF27-$AE27*(1+BF$3))/$AJ27,'Технический лист'!$A:$B,2,1)-VLOOKUP($AO27,'Технический лист'!$A:$B,2,1)),1+(1-$AU27)) | BG27: =MIN(IF($AU27=100%,1,1+VLOOKUP(($AJ27-$AI27-$AH27-$AG27-$AF27-$AE27*(1+BG$3))/$AJ27,'Технический лист'!$A:$B,2,1)-VLOOKUP($AO27,'Технический лист'!$A:$B,2,1)),1+(1-$AU27)) | ... EU27: =MIN(IF($AU27=100%,1,1+VLOOKUP(($AJ27-$AI27-$AH27-$AG27-$AF27-$AE27*(1+EU$3))/$AJ27,'Технический лист'!$A:$B,2,1)-VLOOKUP($AO27,'Технический лист'!$A:$B,2,1)),1+(1-$AU27)) | EV27: 1 | EW27: =MIN(1,MAX(VLOOKUP(($AJ27-$AI27-$AH27-$AG27-$AF27-$AE27*(1+EW$3))/$AJ27,'Технический лист'!$A:$B,2,1),(EV27-0.05))) | EX27: =MIN(1,MAX(VLOOKUP(($AJ27-$AI27-$AH27-$AG27-$AF27-$AE27*(1+EX$3))/$AJ27,'Технический лист'!$A:$B,2,1),(EW27-0.05))) | EY27: =MIN(1,MAX(VLOOKUP(($AJ27-$AI27-$AH27-$AG27-$AF27-$AE27*(1+EY$3))/$AJ27,'Технический лист'!$A:$B,2,1),(EX27-0.05))) | EZ27: =MIN(1,MAX(VLOOKUP(($AJ27-$AI27-$AH27-$AG27-$AF27-$AE27*(1+EZ$3))/$AJ27,'Технический лист'!$A:$B,2,1),(EY27-0.05))) | FA27: =MIN(1,MAX(VLOOKUP(($AJ27-$AI27-$AH27-$AG27-$AF27-$AE27*(1+FA$3))/$AJ27,'Технический лист'!$A:$B,2,1),(EZ27-0.05))) | FB27: =MIN(1,MAX(VLOOKUP(($AJ27-$AI27-$AH27-$AG27-$AF27-$AE27*(1+FB$3))/$AJ27,'Технический лист'!$A:$B,2,1),(FA27-0.05))) | FC27: =MIN(1,MAX(VLOOKUP(($AJ27-$AI27-$AH27-$AG27-$AF27-$AE27*(1+FC$3))/$AJ27,'Технический лист'!$A:$B,2,1),(FB27-0.05))) | FD27: =MIN(1,MAX(VLOOKUP(($AJ27-$AI27-$AH27-$AG27-$AF27-$AE27*(1+FD$3))/$AJ27,'Технический лист'!$A:$B,2,1),(FC27-0.05))) | ... IR27: =MIN(1,MAX(VLOOKUP(($AJ27-$AI27-$AH27-$AG27-$AF27-$AE27*(1+IR$3))/$AJ27,'Технический лист'!$A:$B,2,1),(IQ27-0.05)))
A28: ЧМ (сырье) | B28: 2 | C28: Кокс каменноугольный | D28: 17110 | E28: Кокс, не поименованный в алфавите | F28: КОКС КАМЕННОУГОЛЬНЫЙ | G28: ЮУР | H28: ЮУР | I28: МАГНИТОГ-ГР | J28: ЭЛЕКТРОСТАН. | K28: 408 | L28: Полувагоны | M28: Внутр. перевозки | N28: вагонная | O28: Южное | P28: '000000186424 | Q28: 'ПАО "ММК" | R28: ПАО "ММК" | S28: 30134 | T28: 12294564 | U28: 522 | V28: 0 | W28: 17644584 | X28: 58 | Y28: повагонная | Z28: 5 | AA28: 4 | AB28: 4 | AC28: 639.84 | AD28: =AE28-AC28 | AE28: 816.22 | AF28: =(Z28+AA28+AB28)*'Ставки аренды'!$B$3/X28 | AG28: 0 | AH28: 0 | AI28: =429559973/511416159*AVERAGE(AJ28,AJ29) | AJ28: =Цены!$D$9 | AK28: =AJ28/Цены!$B$1 | AL28: =AE28+AF28+AG28 | AM28: =AJ28-AL28 | AN28: =AI28+AH28+AG28+AF28+AE28 | AO28: =(AJ28-AN28)/AJ28 | AP28: =AL28/AJ28 | AQ28: =AE28/AJ28 | AR28: =AE28/AL28 | AS28: 1 | AT28: =S28*AS28 | AU28: 0.7 | AV28: =(AJ28-(AE28*(1+$IS$2)+AF28+AG28+AH28+AI28))/AJ28 | AW28: =(AE28*(1+$IS$2)+AF28+AG28)/AJ28 | AX28: =(AE28*(1+$IS$2))/AJ28 | AY28: =(AE28*(1+$IS$2))/(AE28*(1+$IS$2)+AF28+AG28) | AZ28: =MIN(IF($AU28=100%,1,1+VLOOKUP(($AJ28-$AI28-$AH28-$AG28-$AF28-$AE28*(1+AZ$3))/$AJ28,'Технический лист'!$A:$B,2,1)-VLOOKUP($AO28,'Технический лист'!$A:$B,2,1)),1+(1-$AU28)) | BA28: =MIN(IF($AU28=100%,1,1+VLOOKUP(($AJ28-$AI28-$AH28-$AG28-$AF28-$AE28*(1+BA$3))/$AJ28,'Технический лист'!$A:$B,2,1)-VLOOKUP($AO28,'Технический лист'!$A:$B,2,1)),1+(1-$AU28)) | BB28: =MIN(IF($AU28=100%,1,1+VLOOKUP(($AJ28-$AI28-$AH28-$AG28-$AF28-$AE28*(1+BB$3))/$AJ28,'Технический лист'!$A:$B,2,1)-VLOOKUP($AO28,'Технический лист'!$A:$B,2,1)),1+(1-$AU28)) | BC28: =MIN(IF($AU28=100%,1,1+VLOOKUP(($AJ28-$AI28-$AH28-$AG28-$AF28-$AE28*(1+BC$3))/$AJ28,'Технический лист'!$A:$B,2,1)-VLOOKUP($AO28,'Технический лист'!$A:$B,2,1)),1+(1-$AU28)) | BD28: =MIN(IF($AU28=100%,1,1+VLOOKUP(($AJ28-$AI28-$AH28-$AG28-$AF28-$AE28*(1+BD$3))/$AJ28,'Технический лист'!$A:$B,2,1)-VLOOKUP($AO28,'Технический лист'!$A:$B,2,1)),1+(1-$AU28)) | BE28: =MIN(IF($AU28=100%,1,1+VLOOKUP(($AJ28-$AI28-$AH28-$AG28-$AF28-$AE28*(1+BE$3))/$AJ28,'Технический лист'!$A:$B,2,1)-VLOOKUP($AO28,'Технический лист'!$A:$B,2,1)),1+(1-$AU28)) | BF28: =MIN(IF($AU28=100%,1,1+VLOOKUP(($AJ28-$AI28-$AH28-$AG28-$AF28-$AE28*(1+BF$3))/$AJ28,'Технический лист'!$A:$B,2,1)-VLOOKUP($AO28,'Технический лист'!$A:$B,2,1)),1+(1-$AU28)) | BG28: =MIN(IF($AU28=100%,1,1+VLOOKUP(($AJ28-$AI28-$AH28-$AG28-$AF28-$AE28*(1+BG$3))/$AJ28,'Технический лист'!$A:$B,2,1)-VLOOKUP($AO28,'Технический лист'!$A:$B,2,1)),1+(1-$AU28)) | ... EU28: =MIN(IF($AU28=100%,1,1+VLOOKUP(($AJ28-$AI28-$AH28-$AG28-$AF28-$AE28*(1+EU$3))/$AJ28,'Технический лист'!$A:$B,2,1)-VLOOKUP($AO28,'Технический лист'!$A:$B,2,1)),1+(1-$AU28)) | EV28: 1 | EW28: =MIN(1,MAX(VLOOKUP(($AJ28-$AI28-$AH28-$AG28-$AF28-$AE28*(1+EW$3))/$AJ28,'Технический лист'!$A:$B,2,1),(EV28-0.05))) | EX28: =MIN(1,MAX(VLOOKUP(($AJ28-$AI28-$AH28-$AG28-$AF28-$AE28*(1+EX$3))/$AJ28,'Технический лист'!$A:$B,2,1),(EW28-0.05))) | EY28: =MIN(1,MAX(VLOOKUP(($AJ28-$AI28-$AH28-$AG28-$AF28-$AE28*(1+EY$3))/$AJ28,'Технический лист'!$A:$B,2,1),(EX28-0.05))) | EZ28: =MIN(1,MAX(VLOOKUP(($AJ28-$AI28-$AH28-$AG28-$AF28-$AE28*(1+EZ$3))/$AJ28,'Технический лист'!$A:$B,2,1),(EY28-0.05))) | FA28: =MIN(1,MAX(VLOOKUP(($AJ28-$AI28-$AH28-$AG28-$AF28-$AE28*(1+FA$3))/$AJ28,'Технический лист'!$A:$B,2,1),(EZ28-0.05))) | FB28: =MIN(1,MAX(VLOOKUP(($AJ28-$AI28-$AH28-$AG28-$AF28-$AE28*(1+FB$3))/$AJ28,'Технический лист'!$A:$B,2,1),(FA28-0.05))) | FC28: =MIN(1,MAX(VLOOKUP(($AJ28-$AI28-$AH28-$AG28-$AF28-$AE28*(1+FC$3))/$AJ28,'Технический лист'!$A:$B,2,1),(FB28-0.05))) | FD28: =MIN(1,MAX(VLOOKUP(($AJ28-$AI28-$AH28-$AG28-$AF28-$AE28*(1+FD$3))/$AJ28,'Технический лист'!$A:$B,2,1),(FC28-0.05))) | ... IR28: =MIN(1,MAX(VLOOKUP(($AJ28-$AI28-$AH28-$AG28-$AF28-$AE28*(1+IR$3))/$AJ28,'Технический лист'!$A:$B,2,1),(IQ28-0.05)))
A29: ЧМ (сырье) | B29: 2 | C29: Кокс каменноугольный | D29: 17110 | E29: Кокс, не поименованный в алфавите | F29: КОКС КАМЕННОУГОЛЬНЫЙ | G29: ЮУР | H29: ЮУР | I29: МАГНИТОГ-ГР | J29: КАРТ1-ЭК-РОС | K29: 178 | L29: Полувагоны | M29: Экспорт | N29: вагонная | O29: Южное | P29: '000000186424 | Q29: 'ПАО "ММК" | R29: ПАО "ММК" | S29: 1039 | T29: 185023 | U29: 18 | V29: 0 | W29: 443459 | X29: 58 | Y29: повагонная | Z29: 2 | AA29: 1 | AB29: 4 | AC29: 471.74 | AD29: =AE29-AC29 | AE29: 549.33 | AF29: =(Z29+AA29+AB29)*'Ставки аренды'!$B$3/X29 | AG29: 0 | AH29: 0 | AI29: =429559973/511416159*AVERAGE(AJ28,AJ29) | AJ29: =Цены!$C$8*'Курсы валют'!$B$2 | AK29: =AJ29/Цены!$B$1 | AL29: =AE29+AF29+AG29 | AM29: =AJ29-AL29 | AN29: =AI29+AH29+AG29+AF29+AE29 | AO29: =(AJ29-AN29)/AJ29 | AP29: =AL29/AJ29 | AQ29: =AE29/AJ29 | AR29: =AE29/AL29 | AS29: 1 | AT29: =S29*AS29 | AU29: 0.7 | AV29: =(AJ29-(AE29*(1+$IS$2)+AF29+AG29+AH29+AI29))/AJ29 | AW29: =(AE29*(1+$IS$2)+AF29+AG29)/AJ29 | AX29: =(AE29*(1+$IS$2))/AJ29 | AY29: =(AE29*(1+$IS$2))/(AE29*(1+$IS$2)+AF29+AG29) | AZ29: =MIN(IF($AU29=100%,1,1+VLOOKUP(($AJ29-$AI29-$AH29-$AG29-$AF29-$AE29*(1+AZ$3))/$AJ29,'Технический лист'!$A:$B,2,1)-VLOOKUP($AO29,'Технический лист'!$A:$B,2,1)),1+(1-$AU29)) | BA29: =MIN(IF($AU29=100%,1,1+VLOOKUP(($AJ29-$AI29-$AH29-$AG29-$AF29-$AE29*(1+BA$3))/$AJ29,'Технический лист'!$A:$B,2,1)-VLOOKUP($AO29,'Технический лист'!$A:$B,2,1)),1+(1-$AU29)) | BB29: =MIN(IF($AU29=100%,1,1+VLOOKUP(($AJ29-$AI29-$AH29-$AG29-$AF29-$AE29*(1+BB$3))/$AJ29,'Технический лист'!$A:$B,2,1)-VLOOKUP($AO29,'Технический лист'!$A:$B,2,1)),1+(1-$AU29)) | BC29: =MIN(IF($AU29=100%,1,1+VLOOKUP(($AJ29-$AI29-$AH29-$AG29-$AF29-$AE29*(1+BC$3))/$AJ29,'Технический лист'!$A:$B,2,1)-VLOOKUP($AO29,'Технический лист'!$A:$B,2,1)),1+(1-$AU29)) | BD29: =MIN(IF($AU29=100%,1,1+VLOOKUP(($AJ29-$AI29-$AH29-$AG29-$AF29-$AE29*(1+BD$3))/$AJ29,'Технический лист'!$A:$B,2,1)-VLOOKUP($AO29,'Технический лист'!$A:$B,2,1)),1+(1-$AU29)) | BE29: =MIN(IF($AU29=100%,1,1+VLOOKUP(($AJ29-$AI29-$AH29-$AG29-$AF29-$AE29*(1+BE$3))/$AJ29,'Технический лист'!$A:$B,2,1)-VLOOKUP($AO29,'Технический лист'!$A:$B,2,1)),1+(1-$AU29)) | BF29: =MIN(IF($AU29=100%,1,1+VLOOKUP(($AJ29-$AI29-$AH29-$AG29-$AF29-$AE29*(1+BF$3))/$AJ29,'Технический лист'!$A:$B,2,1)-VLOOKUP($AO29,'Технический лист'!$A:$B,2,1)),1+(1-$AU29)) | BG29: =MIN(IF($AU29=100%,1,1+VLOOKUP(($AJ29-$AI29-$AH29-$AG29-$AF29-$AE29*(1+BG$3))/$AJ29,'Технический лист'!$A:$B,2,1)-VLOOKUP($AO29,'Технический лист'!$A:$B,2,1)),1+(1-$AU29)) | ... EU29: =MIN(IF($AU29=100%,1,1+VLOOKUP(($AJ29-$AI29-$AH29-$AG29-$AF29-$AE29*(1+EU$3))/$AJ29,'Технический лист'!$A:$B,2,1)-VLOOKUP($AO29,'Технический лист'!$A:$B,2,1)),1+(1-$AU29)) | EV29: 1 | EW29: =MIN(1,MAX(VLOOKUP(($AJ29-$AI29-$AH29-$AG29-$AF29-$AE29*(1+EW$3))/$AJ29,'Технический лист'!$A:$B,2,1),(EV29-0.05))) | EX29: =MIN(1,MAX(VLOOKUP(($AJ29-$AI29-$AH29-$AG29-$AF29-$AE29*(1+EX$3))/$AJ29,'Технический лист'!$A:$B,2,1),(EW29-0.05))) | EY29: =MIN(1,MAX(VLOOKUP(($AJ29-$AI29-$AH29-$AG29-$AF29-$AE29*(1+EY$3))/$AJ29,'Технический лист'!$A:$B,2,1),(EX29-0.05))) | EZ29: =MIN(1,MAX(VLOOKUP(($AJ29-$AI29-$AH29-$AG29-$AF29-$AE29*(1+EZ$3))/$AJ29,'Технический лист'!$A:$B,2,1),(EY29-0.05))) | FA29: =MIN(1,MAX(VLOOKUP(($AJ29-$AI29-$AH29-$AG29-$AF29-$AE29*(1+FA$3))/$AJ29,'Технический лист'!$A:$B,2,1),(EZ29-0.05))) | FB29: =MIN(1,MAX(VLOOKUP(($AJ29-$AI29-$AH29-$AG29-$AF29-$AE29*(1+FB$3))/$AJ29,'Технический лист'!$A:$B,2,1),(FA29-0.05))) | FC29: =MIN(1,MAX(VLOOKUP(($AJ29-$AI29-$AH29-$AG29-$AF29-$AE29*(1+FC$3))/$AJ29,'Технический лист'!$A:$B,2,1),(FB29-0.05))) | FD29: =MIN(1,MAX(VLOOKUP(($AJ29-$AI29-$AH29-$AG29-$AF29-$AE29*(1+FD$3))/$AJ29,'Технический лист'!$A:$B,2,1),(FC29-0.05))) | ... IR29: =MIN(1,MAX(VLOOKUP(($AJ29-$AI29-$AH29-$AG29-$AF29-$AE29*(1+IR$3))/$AJ29,'Технический лист'!$A:$B,2,1),(IQ29-0.05)))
A30: ЧМ (сырье) | B30: 2 | C30: Кокс каменноугольный | D30: 17103 | E30: Кокс доменный фракции свыше 25 мм | F30: КОКС КАМЕННОУГОЛЬНЫЙ | G30: ЗСБ | H30: ЮВС | I30: ЗАРИНСКАЯ | J30: НОВОЛИПЕЦК | K30: 3587 | L30: Полувагоны | M30: Внутр. перевозки | N30: вагонная | O30: Южное | P30: '000000188110 | Q30: 'ОАО "Алтай-Кокс" | R30: ПАО "НЛМК" | S30: 2721480 | T30: 9761242621 | U30: 51049 | V30: 0 | W30: 5603833739 | X30: 53 | Y30: маршрутная | Z30: 9 | AA30: 9 | AB30: 4 | AC30: 2308.21 | AD30: =AE30-AC30 | AE30: 3390 | AF30: =(Z30+AA30+AB30)*'Ставки аренды'!$B$3/X30 | AG30: 0 | AH30: 0 | AI30: =45627537/67277047*AVERAGE(AJ30,AJ31) | AJ30: =Цены!$D$9 | AK30: =AJ30/Цены!$B$1 | AL30: =AE30+AF30+AG30 | AM30: =AJ30-AL30 | AN30: =AI30+AH30+AG30+AF30+AE30 | AO30: =(AJ30-AN30)/AJ30 | AP30: =AL30/AJ30 | AQ30: =AE30/AJ30 | AR30: =AE30/AL30 | AS30: 1 | AT30: =S30*AS30 | AU30: Внутренняя логистика | AV30: =(AJ30-(AE30*(1+$IS$2)+AF30+AG30+AH30+AI30))/AJ30 | AW30: =(AE30*(1+$IS$2)+AF30+AG30)/AJ30 | AX30: =(AE30*(1+$IS$2))/AJ30 | AY30: =(AE30*(1+$IS$2))/(AE30*(1+$IS$2)+AF30+AG30) | AZ30: 1 | BA30: 1 | BB30: 1 | BC30: 1 | BD30: 1 | BE30: 1 | BF30: 1 | BG30: 1 | BH30: 1 | BI30: 1 | BJ30: 1 | BK30: 1 | BL30: 1 | BM30: 1 | BN30: 1 | BO30: 1 | BP30: 1 | BQ30: 1 | BR30: 1 | BS30: 1 | BT30: 1 | BU30: 1 | BV30: 1 | BW30: 1 | BX30: 1 | BY30: 1 | BZ30: 1 | CA30: 1 | CB30: 1 | CC30: 1 | CD30: 1 | CE30: 1 | CF30: 1 | CG30: 1 | CH30: 1 | CI30: 1 | CJ30: 1 | CK30: 1 | CL30: 1 | CM30: 1 | CN30: 1 | CO30: 1 | CP30: 1 | CQ30: 1 | CR30: 1 | CS30: 1 | CT30: 1 | CU30: 1 | CV30: 1 | CW30: 1 | CX30: 1 | CY30: 1 | CZ30: 1 | DA30: 1 | DB30: 1 | DC30: 1 | DD30: 1 | DE30: 1 | DF30: 1 | DG30: 1 | DH30: 1 | DI30: 1 | DJ30: 1 | DK30: 1 | DL30: 1 | DM30: 1 | DN30: 1 | DO30: 1 | DP30: 1 | DQ30: 1 | DR30: 1 | DS30: 1 | DT30: 1 | DU30: 1 | DV30: 1 | DW30: 1 | DX30: 1 | DY30: 1 | DZ30: 1 | EA30: 1 | EB30: 1 | EC30: 1 | ED30: 1 | EE30: 1 | EF30: 1 | EG30: 1 | EH30: 1 | EI30: 1 | EJ30: 1 | EK30: 1 | EL30: 1 | EM30: 1 | EN30: 1 | EO30: 1 | EP30: 1 | EQ30: 1 | ER30: 1 | ES30: 1 | ET30: 1 | EU30: 1 | EV30: 1 | EW30: 1 | EX30: 1 | EY30: 1 | EZ30: 1 | FA30: 1 | FB30: 1 | FC30: 1 | FD30: 1 | FE30: 1 | FF30: 1 | FG30: 1 | FH30: 1 | FI30: 1 | FJ30: 1 | FK30: 1 | FL30: 1 | FM30: 1 | FN30: 1 | FO30: 1 | FP30: 1 | FQ30: 1 | FR30: 1 | FS30: 1 | FT30: 1 | FU30: 1 | FV30: 1 | FW30: 1 | FX30: 1 | FY30: 1 | FZ30: 1 | GA30: 1 | GB30: 1 | GC30: 1 | GD30: 1 | GE30: 1 | GF30: 1 | GG30: 1 | GH30: 1 | GI30: 1 | GJ30: 1 | GK30: 1 | GL30: 1 | GM30: 1 | GN30: 1 | GO30: 1 | GP30: 1 | GQ30: 1 | GR30: 1 | GS30: 1 | GT30: 1 | GU30: 1 | GV30: 1 | GW30: 1 | GX30: 1 | GY30: 1 | GZ30: 1 | HA30: 1 | HB30: 1 | HC30: 1 | HD30: 1 | HE30: 1 | HF30: 1 | HG30: 1 | HH30: 1 | HI30: 1 | HJ30: 1 | HK30: 1 | HL30: 1 | HM30: 1 | HN30: 1 | HO30: 1 | HP30: 1 | HQ30: 1 | HR30: 1 | HS30: 1 | HT30: 1 | HU30: 1 | HV30: 1 | HW30: 1 | HX30: 1 | HY30: 1 | HZ30: 1 | IA30: 1 | IB30: 1 | IC30: 1 | ID30: 1 | IE30: 1 | IF30: 1 | IG30: 1 | IH30: 1 | II30: 1 | IJ30: 1 | IK30: 1 | IL30: 1 | IM30: 1 | IN30: 1 | IO30: 1 | IP30: 1 | IQ30: 1 | IR30: 1
A31: ЧМ (сырье) | B31: 2 | C31: Кокс каменноугольный | D31: 17111 | E31: Кокс электродный | F31: КОКС КАМЕННОУГОЛЬНЫЙ | G31: ЗСБ | H31: СКВ | I31: ЗАРИНСКАЯ | J31: САМУР-ЭКСП | K31: 4406 | L31: Полувагоны | M31: Экспорт | N31: вагонная | O31: Южное | P31: '000000188110 | Q31: 'ОАО "Алтай-Кокс" | R31: ПАО "НЛМК" | S31: 61722 | T31: 271943600 | U31: 1133 | V31: 0 | W31: 162562764 | X31: 54 | Y31: групповая | Z31: 14 | AA31: 11 | AB31: 4 | AC31: 2932.15 | AD31: =AE31-AC31 | AE31: 3935.11 | AF31: =(Z31+AA31+AB31)*'Ставки аренды'!$B$3/X31 | AG31: 0 | AH31: 0 | AI31: =45627537/67277047*AVERAGE(AJ30,AJ31) | AJ31: =Цены!$C$8*'Курсы валют'!$B$2 | AK31: =AJ31/Цены!$B$1 | AL31: =AE31+AF31+AG31 | AM31: =AJ31-AL31 | AN31: =AI31+AH31+AG31+AF31+AE31 | AO31: =(AJ31-AN31)/AJ31 | AP31: =AL31/AJ31 | AQ31: =AE31/AJ31 | AR31: =AE31/AL31 | AS31: 1 | AT31: =S31*AS31 | AU31: 0.9 | AV31: =(AJ31-(AE31*(1+$IS$2)+AF31+AG31+AH31+AI31))/AJ31 | AW31: =(AE31*(1+$IS$2)+AF31+AG31)/AJ31 | AX31: =(AE31*(1+$IS$2))/AJ31 | AY31: =(AE31*(1+$IS$2))/(AE31*(1+$IS$2)+AF31+AG31) | AZ31: =MIN(IF($AU31=100%,1,1+VLOOKUP(($AJ31-$AI31-$AH31-$AG31-$AF31-$AE31*(1+AZ$3))/$AJ31,'Технический лист'!$A:$B,2,1)-VLOOKUP($AO31,'Технический лист'!$A:$B,2,1)),1+(1-$AU31)) | BA31: =MIN(IF($AU31=100%,1,1+VLOOKUP(($AJ31-$AI31-$AH31-$AG31-$AF31-$AE31*(1+BA$3))/$AJ31,'Технический лист'!$A:$B,2,1)-VLOOKUP($AO31,'Технический лист'!$A:$B,2,1)),1+(1-$AU31)) | BB31: =MIN(IF($AU31=100%,1,1+VLOOKUP(($AJ31-$AI31-$AH31-$AG31-$AF31-$AE31*(1+BB$3))/$AJ31,'Технический лист'!$A:$B,2,1)-VLOOKUP($AO31,'Технический лист'!$A:$B,2,1)),1+(1-$AU31)) | BC31: =MIN(IF($AU31=100%,1,1+VLOOKUP(($AJ31-$AI31-$AH31-$AG31-$AF31-$AE31*(1+BC$3))/$AJ31,'Технический лист'!$A:$B,2,1)-VLOOKUP($AO31,'Технический лист'!$A:$B,2,1)),1+(1-$AU31)) | BD31: =MIN(IF($AU31=100%,1,1+VLOOKUP(($AJ31-$AI31-$AH31-$AG31-$AF31-$AE31*(1+BD$3))/$AJ31,'Технический лист'!$A:$B,2,1)-VLOOKUP($AO31,'Технический лист'!$A:$B,2,1)),1+(1-$AU31)) | BE31: =MIN(IF($AU31=100%,1,1+VLOOKUP(($AJ31-$AI31-$AH31-$AG31-$AF31-$AE31*(1+BE$3))/$AJ31,'Технический лист'!$A:$B,2,1)-VLOOKUP($AO31,'Технический лист'!$A:$B,2,1)),1+(1-$AU31)) | BF31: =MIN(IF($AU31=100%,1,1+VLOOKUP(($AJ31-$AI31-$AH31-$AG31-$AF31-$AE31*(1+BF$3))/$AJ31,'Технический лист'!$A:$B,2,1)-VLOOKUP($AO31,'Технический лист'!$A:$B,2,1)),1+(1-$AU31)) | BG31: =MIN(IF($AU31=100%,1,1+VLOOKUP(($AJ31-$AI31-$AH31-$AG31-$AF31-$AE31*(1+BG$3))/$AJ31,'Технический лист'!$A:$B,2,1)-VLOOKUP($AO31,'Технический лист'!$A:$B,2,1)),1+(1-$AU31)) | ... EU31: =MIN(IF($AU31=100%,1,1+VLOOKUP(($AJ31-$AI31-$AH31-$AG31-$AF31-$AE31*(1+EU$3))/$AJ31,'Технический лист'!$A:$B,2,1)-VLOOKUP($AO31,'Технический лист'!$A:$B,2,1)),1+(1-$AU31)) | EV31: 1 | EW31: =MIN(1,MAX(VLOOKUP(($AJ31-$AI31-$AH31-$AG31-$AF31-$AE31*(1+EW$3))/$AJ31,'Технический лист'!$A:$B,2,1),(EV31-0.05))) | EX31: =MIN(1,MAX(VLOOKUP(($AJ31-$AI31-$AH31-$AG31-$AF31-$AE31*(1+EX$3))/$AJ31,'Технический лист'!$A:$B,2,1),(EW31-0.05))) | EY31: =MIN(1,MAX(VLOOKUP(($AJ31-$AI31-$AH31-$AG31-$AF31-$AE31*(1+EY$3))/$AJ31,'Технический лист'!$A:$B,2,1),(EX31-0.05))) | EZ31: =MIN(1,MAX(VLOOKUP(($AJ31-$AI31-$AH31-$AG31-$AF31-$AE31*(1+EZ$3))/$AJ31,'Технический лист'!$A:$B,2,1),(EY31-0.05))) | FA31: =MIN(1,MAX(VLOOKUP(($AJ31-$AI31-$AH31-$AG31-$AF31-$AE31*(1+FA$3))/$AJ31,'Технический лист'!$A:$B,2,1),(EZ31-0.05))) | FB31: =MIN(1,MAX(VLOOKUP(($AJ31-$AI31-$AH31-$AG31-$AF31-$AE31*(1+FB$3))/$AJ31,'Технический лист'!$A:$B,2,1),(FA31-0.05))) | FC31: =MIN(1,MAX(VLOOKUP(($AJ31-$AI31-$AH31-$AG31-$AF31-$AE31*(1+FC$3))/$AJ31,'Технический лист'!$A:$B,2,1),(FB31-0.05))) | FD31: =MIN(1,MAX(VLOOKUP(($AJ31-$AI31-$AH31-$AG31-$AF31-$AE31*(1+FD$3))/$AJ31,'Технический лист'!$A:$B,2,1),(FC31-0.05))) | ... IR31: =MIN(1,MAX(VLOOKUP(($AJ31-$AI31-$AH31-$AG31-$AF31-$AE31*(1+IR$3))/$AJ31,'Технический лист'!$A:$B,2,1),(IQ31-0.05)))
A32: ЧМ (сырье) | B32: 2 | C32: Кокс каменноугольный | D32: 17111 | E32: Кокс электродный | F32: КОКС КАМЕННОУГОЛЬНЫЙ | G32: ЗСБ | H32: КРС | I32: ЗАРИНСКАЯ | J32: ЛЕСОСИБ-ПЕР | K32: 1038 | L32: Полувагоны | M32: Внутр. перевозки | N32: вагонная | O32: Восточное | P32: '000000188110 | Q32: 'ОАО "Алтай-Кокс" | R32: ПАО "НЛМК" | S32: 1633 | T32: 1694838 | U32: 30 | V32: 0 | W32: 1713843 | X32: 54 | Y32: повагонная | Z32: 7 | AA32: 5 | AB32: 4 | AC32: 1171.52 | AD32: =AE32-AC32 | AE32: 1610.67 | AF32: =(Z32+AA32+AB32)*'Ставки аренды'!$B$3/X32 | AG32: 0 | AH32: 0 | AI32: =45627537/67277047*AVERAGE(AJ30,AJ31) | AJ32: =Цены!$D$9 | AK32: =AJ32/Цены!$B$1 | AL32: =AE32+AF32+AG32 | AM32: =AJ32-AL32 | AN32: =AI32+AH32+AG32+AF32+AE32 | AO32: =(AJ32-AN32)/AJ32 | AP32: =AL32/AJ32 | AQ32: =AE32/AJ32 | AR32: =AE32/AL32 | AS32: 1 | AT32: =S32*AS32 | AU32: 0.9 | AV32: =(AJ32-(AE32*(1+$IS$2)+AF32+AG32+AH32+AI32))/AJ32 | AW32: =(AE32*(1+$IS$2)+AF32+AG32)/AJ32 | AX32: =(AE32*(1+$IS$2))/AJ32 | AY32: =(AE32*(1+$IS$2))/(AE32*(1+$IS$2)+AF32+AG32) | AZ32: =MIN(IF($AU32=100%,1,1+VLOOKUP(($AJ32-$AI32-$AH32-$AG32-$AF32-$AE32*(1+AZ$3))/$AJ32,'Технический лист'!$A:$B,2,1)-VLOOKUP($AO32,'Технический лист'!$A:$B,2,1)),1+(1-$AU32)) | BA32: =MIN(IF($AU32=100%,1,1+VLOOKUP(($AJ32-$AI32-$AH32-$AG32-$AF32-$AE32*(1+BA$3))/$AJ32,'Технический лист'!$A:$B,2,1)-VLOOKUP($AO32,'Технический лист'!$A:$B,2,1)),1+(1-$AU32)) | BB32: =MIN(IF($AU32=100%,1,1+VLOOKUP(($AJ32-$AI32-$AH32-$AG32-$AF32-$AE32*(1+BB$3))/$AJ32,'Технический лист'!$A:$B,2,1)-VLOOKUP($AO32,'Технический лист'!$A:$B,2,1)),1+(1-$AU32)) | BC32: =MIN(IF($AU32=100%,1,1+VLOOKUP(($AJ32-$AI32-$AH32-$AG32-$AF32-$AE32*(1+BC$3))/$AJ32,'Технический лист'!$A:$B,2,1)-VLOOKUP($AO32,'Технический лист'!$A:$B,2,1)),1+(1-$AU32)) | BD32: =MIN(IF($AU32=100%,1,1+VLOOKUP(($AJ32-$AI32-$AH32-$AG32-$AF32-$AE32*(1+BD$3))/$AJ32,'Технический лист'!$A:$B,2,1)-VLOOKUP($AO32,'Технический лист'!$A:$B,2,1)),1+(1-$AU32)) | BE32: =MIN(IF($AU32=100%,1,1+VLOOKUP(($AJ32-$AI32-$AH32-$AG32-$AF32-$AE32*(1+BE$3))/$AJ32,'Технический лист'!$A:$B,2,1)-VLOOKUP($AO32,'Технический лист'!$A:$B,2,1)),1+(1-$AU32)) | BF32: =MIN(IF($AU32=100%,1,1+VLOOKUP(($AJ32-$AI32-$AH32-$AG32-$AF32-$AE32*(1+BF$3))/$AJ32,'Технический лист'!$A:$B,2,1)-VLOOKUP($AO32,'Технический лист'!$A:$B,2,1)),1+(1-$AU32)) | BG32: =MIN(IF($AU32=100%,1,1+VLOOKUP(($AJ32-$AI32-$AH32-$AG32-$AF32-$AE32*(1+BG$3))/$AJ32,'Технический лист'!$A:$B,2,1)-VLOOKUP($AO32,'Технический лист'!$A:$B,2,1)),1+(1-$AU32)) | ... EU32: =MIN(IF($AU32=100%,1,1+VLOOKUP(($AJ32-$AI32-$AH32-$AG32-$AF32-$AE32*(1+EU$3))/$AJ32,'Технический лист'!$A:$B,2,1)-VLOOKUP($AO32,'Технический лист'!$A:$B,2,1)),1+(1-$AU32)) | EV32: 1 | EW32: =MIN(1,MAX(VLOOKUP(($AJ32-$AI32-$AH32-$AG32-$AF32-$AE32*(1+EW$3))/$AJ32,'Технический лист'!$A:$B,2,1),(EV32-0.05))) | EX32: =MIN(1,MAX(VLOOKUP(($AJ32-$AI32-$AH32-$AG32-$AF32-$AE32*(1+EX$3))/$AJ32,'Технический лист'!$A:$B,2,1),(EW32-0.05))) | EY32: =MIN(1,MAX(VLOOKUP(($AJ32-$AI32-$AH32-$AG32-$AF32-$AE32*(1+EY$3))/$AJ32,'Технический лист'!$A:$B,2,1),(EX32-0.05))) | EZ32: =MIN(1,MAX(VLOOKUP(($AJ32-$AI32-$AH32-$AG32-$AF32-$AE32*(1+EZ$3))/$AJ32,'Технический лист'!$A:$B,2,1),(EY32-0.05))) | FA32: =MIN(1,MAX(VLOOKUP(($AJ32-$AI32-$AH32-$AG32-$AF32-$AE32*(1+FA$3))/$AJ32,'Технический лист'!$A:$B,2,1),(EZ32-0.05))) | FB32: =MIN(1,MAX(VLOOKUP(($AJ32-$AI32-$AH32-$AG32-$AF32-$AE32*(1+FB$3))/$AJ32,'Технический лист'!$A:$B,2,1),(FA32-0.05))) | FC32: =MIN(1,MAX(VLOOKUP(($AJ32-$AI32-$AH32-$AG32-$AF32-$AE32*(1+FC$3))/$AJ32,'Технический лист'!$A:$B,2,1),(FB32-0.05))) | FD32: =MIN(1,MAX(VLOOKUP(($AJ32-$AI32-$AH32-$AG32-$AF32-$AE32*(1+FD$3))/$AJ32,'Технический лист'!$A:$B,2,1),(FC32-0.05))) | ... IR32: =MIN(1,MAX(VLOOKUP(($AJ32-$AI32-$AH32-$AG32-$AF32-$AE32*(1+IR$3))/$AJ32,'Технический лист'!$A:$B,2,1),(IQ32-0.05)))
A33: ЧМ (сырье) | B33: 2 | C33: Кокс каменноугольный | D33: 17110 | E33: Кокс, не поименованный в алфавите | F33: КОКС КАМЕННОУГОЛЬНЫЙ | G33: СЕВ | H33: ОКТ | I33: ЧЕРЕПОВЕЦ 2 | J33: АВТОВО-ЭКСП | K33: 533 | L33: Полувагоны | M33: Экспорт | N33: вагонная | O33: Северо-Западное | P33: '000049183851 | Q33: ПАО "СЕВЕРСТАЛЬ" | R33: ПАО "СЕВЕРСТАЛЬ" | S33: 33908 | T33: 18077222 | U33: 610 | V33: 0 | W33: 22739556 | X33: 53 | Y33: групповая | Z33: 7 | AA33: 6 | AB33: 4 | AC33: 748.23 | AD33: =AE33-AC33 | AE33: 946.98 | AF33: =(Z33+AA33+AB33)*'Ставки аренды'!$B$3/X33 | AG33: ='Ставки перевалки'!$B$4*'Курсы валют'!$B$2 | AH33: 0 | AI33: =507353/712157*AVERAGE(AJ33,AJ34) | AJ33: =Цены!$C$8*'Курсы валют'!$B$2 | AK33: =AJ33/Цены!$B$1 | AL33: =AE33+AF33+AG33 | AM33: =AJ33-AL33 | AN33: =AI33+AH33+AG33+AF33+AE33 | AO33: =(AJ33-AN33)/AJ33 | AP33: =AL33/AJ33 | AQ33: =AE33/AJ33 | AR33: =AE33/AL33 | AS33: 1 | AT33: =S33*AS33 | AU33: 0.95 | AV33: =(AJ33-(AE33*(1+$IS$2)+AF33+AG33+AH33+AI33))/AJ33 | AW33: =(AE33*(1+$IS$2)+AF33+AG33)/AJ33 | AX33: =(AE33*(1+$IS$2))/AJ33 | AY33: =(AE33*(1+$IS$2))/(AE33*(1+$IS$2)+AF33+AG33) | AZ33: =MIN(IF($AU33=100%,1,1+VLOOKUP(($AJ33-$AI33-$AH33-$AG33-$AF33-$AE33*(1+AZ$3))/$AJ33,'Технический лист'!$A:$B,2,1)-VLOOKUP($AO33,'Технический лист'!$A:$B,2,1)),1+(1-$AU33)) | BA33: =MIN(IF($AU33=100%,1,1+VLOOKUP(($AJ33-$AI33-$AH33-$AG33-$AF33-$AE33*(1+BA$3))/$AJ33,'Технический лист'!$A:$B,2,1)-VLOOKUP($AO33,'Технический лист'!$A:$B,2,1)),1+(1-$AU33)) | BB33: =MIN(IF($AU33=100%,1,1+VLOOKUP(($AJ33-$AI33-$AH33-$AG33-$AF33-$AE33*(1+BB$3))/$AJ33,'Технический лист'!$A:$B,2,1)-VLOOKUP($AO33,'Технический лист'!$A:$B,2,1)),1+(1-$AU33)) | BC33: =MIN(IF($AU33=100%,1,1+VLOOKUP(($AJ33-$AI33-$AH33-$AG33-$AF33-$AE33*(1+BC$3))/$AJ33,'Технический лист'!$A:$B,2,1)-VLOOKUP($AO33,'Технический лист'!$A:$B,2,1)),1+(1-$AU33)) | BD33: =MIN(IF($AU33=100%,1,1+VLOOKUP(($AJ33-$AI33-$AH33-$AG33-$AF33-$AE33*(1+BD$3))/$AJ33,'Технический лист'!$A:$B,2,1)-VLOOKUP($AO33,'Технический лист'!$A:$B,2,1)),1+(1-$AU33)) | BE33: =MIN(IF($AU33=100%,1,1+VLOOKUP(($AJ33-$AI33-$AH33-$AG33-$AF33-$AE33*(1+BE$3))/$AJ33,'Технический лист'!$A:$B,2,1)-VLOOKUP($AO33,'Технический лист'!$A:$B,2,1)),1+(1-$AU33)) | BF33: =MIN(IF($AU33=100%,1,1+VLOOKUP(($AJ33-$AI33-$AH33-$AG33-$AF33-$AE33*(1+BF$3))/$AJ33,'Технический лист'!$A:$B,2,1)-VLOOKUP($AO33,'Технический лист'!$A:$B,2,1)),1+(1-$AU33)) | BG33: =MIN(IF($AU33=100%,1,1+VLOOKUP(($AJ33-$AI33-$AH33-$AG33-$AF33-$AE33*(1+BG$3))/$AJ33,'Технический лист'!$A:$B,2,1)-VLOOKUP($AO33,'Технический лист'!$A:$B,2,1)),1+(1-$AU33)) | ... EU33: =MIN(IF($AU33=100%,1,1+VLOOKUP(($AJ33-$AI33-$AH33-$AG33-$AF33-$AE33*(1+EU$3))/$AJ33,'Технический лист'!$A:$B,2,1)-VLOOKUP($AO33,'Технический лист'!$A:$B,2,1)),1+(1-$AU33)) | EV33: 1 | EW33: =MIN(1,MAX(VLOOKUP(($AJ33-$AI33-$AH33-$AG33-$AF33-$AE33*(1+EW$3))/$AJ33,'Технический лист'!$A:$B,2,1),(EV33-0.05))) | EX33: =MIN(1,MAX(VLOOKUP(($AJ33-$AI33-$AH33-$AG33-$AF33-$AE33*(1+EX$3))/$AJ33,'Технический лист'!$A:$B,2,1),(EW33-0.05))) | EY33: =MIN(1,MAX(VLOOKUP(($AJ33-$AI33-$AH33-$AG33-$AF33-$AE33*(1+EY$3))/$AJ33,'Технический лист'!$A:$B,2,1),(EX33-0.05))) | EZ33: =MIN(1,MAX(VLOOKUP(($AJ33-$AI33-$AH33-$AG33-$AF33-$AE33*(1+EZ$3))/$AJ33,'Технический лист'!$A:$B,2,1),(EY33-0.05))) | FA33: =MIN(1,MAX(VLOOKUP(($AJ33-$AI33-$AH33-$AG33-$AF33-$AE33*(1+FA$3))/$AJ33,'Технический лист'!$A:$B,2,1),(EZ33-0.05))) | FB33: =MIN(1,MAX(VLOOKUP(($AJ33-$AI33-$AH33-$AG33-$AF33-$AE33*(1+FB$3))/$AJ33,'Технический лист'!$A:$B,2,1),(FA33-0.05))) | FC33: =MIN(1,MAX(VLOOKUP(($AJ33-$AI33-$AH33-$AG33-$AF33-$AE33*(1+FC$3))/$AJ33,'Технический лист'!$A:$B,2,1),(FB33-0.05))) | FD33: =MIN(1,MAX(VLOOKUP(($AJ33-$AI33-$AH33-$AG33-$AF33-$AE33*(1+FD$3))/$AJ33,'Технический лист'!$A:$B,2,1),(FC33-0.05))) | ... IR33: =MIN(1,MAX(VLOOKUP(($AJ33-$AI33-$AH33-$AG33-$AF33-$AE33*(1+IR$3))/$AJ33,'Технический лист'!$A:$B,2,1),(IQ33-0.05)))
A34: ЧМ (сырье) | B34: 2 | C34: Кокс каменноугольный | D34: 17110 | E34: Кокс, не поименованный в алфавите | F34: КОКС КАМЕННОУГОЛЬНЫЙ | G34: СЕВ | H34: МСК | I34: ЧЕРЕПОВЕЦ 2 | J34: ВЯЗЬМА-НОВОТ | K34: 907 | L34: Полувагоны | M34: Внутр. перевозки | N34: вагонная | O34: Северо-Западное | P34: '000000186217 | Q34: ПАО "Северсталь" | R34: ПАО "СЕВЕРСТАЛЬ" | S34: 23116 | T34: 20966560 | U34: 452 | V34: 0 | W34: 22649349 | X34: 53 | Y34: групповая | Z34: 6 | AA34: 6 | AB34: 4 | AC34: 1023.58 | AD34: =AE34-AC34 | AE34: 1374.49 | AF34: =(Z34+AA34+AB34)*'Ставки аренды'!$B$3/X34 | AG34: 0 | AH34: 0 | AI34: =507353/712157*AVERAGE(AJ33,AJ34) | AJ34: =Цены!$D$9 | AK34: =AJ34/Цены!$B$1 | AL34: =AE34+AF34+AG34 | AM34: =AJ34-AL34 | AN34: =AI34+AH34+AG34+AF34+AE34 | AO34: =(AJ34-AN34)/AJ34 | AP34: =AL34/AJ34 | AQ34: =AE34/AJ34 | AR34: =AE34/AL34 | AS34: 1 | AT34: =S34*AS34 | AU34: 0.95 | AV34: =(AJ34-(AE34*(1+$IS$2)+AF34+AG34+AH34+AI34))/AJ34 | AW34: =(AE34*(1+$IS$2)+AF34+AG34)/AJ34 | AX34: =(AE34*(1+$IS$2))/AJ34 | AY34: =(AE34*(1+$IS$2))/(AE34*(1+$IS$2)+AF34+AG34) | AZ34: =MIN(IF($AU34=100%,1,1+VLOOKUP(($AJ34-$AI34-$AH34-$AG34-$AF34-$AE34*(1+AZ$3))/$AJ34,'Технический лист'!$A:$B,2,1)-VLOOKUP($AO34,'Технический лист'!$A:$B,2,1)),1+(1-$AU34)) | BA34: =MIN(IF($AU34=100%,1,1+VLOOKUP(($AJ34-$AI34-$AH34-$AG34-$AF34-$AE34*(1+BA$3))/$AJ34,'Технический лист'!$A:$B,2,1)-VLOOKUP($AO34,'Технический лист'!$A:$B,2,1)),1+(1-$AU34)) | BB34: =MIN(IF($AU34=100%,1,1+VLOOKUP(($AJ34-$AI34-$AH34-$AG34-$AF34-$AE34*(1+BB$3))/$AJ34,'Технический лист'!$A:$B,2,1)-VLOOKUP($AO34,'Технический лист'!$A:$B,2,1)),1+(1-$AU34)) | BC34: =MIN(IF($AU34=100%,1,1+VLOOKUP(($AJ34-$AI34-$AH34-$AG34-$AF34-$AE34*(1+BC$3))/$AJ34,'Технический лист'!$A:$B,2,1)-VLOOKUP($AO34,'Технический лист'!$A:$B,2,1)),1+(1-$AU34)) | BD34: =MIN(IF($AU34=100%,1,1+VLOOKUP(($AJ34-$AI34-$AH34-$AG34-$AF34-$AE34*(1+BD$3))/$AJ34,'Технический лист'!$A:$B,2,1)-VLOOKUP($AO34,'Технический лист'!$A:$B,2,1)),1+(1-$AU34)) | BE34: =MIN(IF($AU34=100%,1,1+VLOOKUP(($AJ34-$AI34-$AH34-$AG34-$AF34-$AE34*(1+BE$3))/$AJ34,'Технический лист'!$A:$B,2,1)-VLOOKUP($AO34,'Технический лист'!$A:$B,2,1)),1+(1-$AU34)) | BF34: =MIN(IF($AU34=100%,1,1+VLOOKUP(($AJ34-$AI34-$AH34-$AG34-$AF34-$AE34*(1+BF$3))/$AJ34,'Технический лист'!$A:$B,2,1)-VLOOKUP($AO34,'Технический лист'!$A:$B,2,1)),1+(1-$AU34)) | BG34: =MIN(IF($AU34=100%,1,1+VLOOKUP(($AJ34-$AI34-$AH34-$AG34-$AF34-$AE34*(1+BG$3))/$AJ34,'Технический лист'!$A:$B,2,1)-VLOOKUP($AO34,'Технический лист'!$A:$B,2,1)),1+(1-$AU34)) | ... EU34: =MIN(IF($AU34=100%,1,1+VLOOKUP(($AJ34-$AI34-$AH34-$AG34-$AF34-$AE34*(1+EU$3))/$AJ34,'Технический лист'!$A:$B,2,1)-VLOOKUP($AO34,'Технический лист'!$A:$B,2,1)),1+(1-$AU34)) | EV34: 1 | EW34: =MIN(1,MAX(VLOOKUP(($AJ34-$AI34-$AH34-$AG34-$AF34-$AE34*(1+EW$3))/$AJ34,'Технический лист'!$A:$B,2,1),(EV34-0.05))) | EX34: =MIN(1,MAX(VLOOKUP(($AJ34-$AI34-$AH34-$AG34-$AF34-$AE34*(1+EX$3))/$AJ34,'Технический лист'!$A:$B,2,1),(EW34-0.05))) | EY34: =MIN(1,MAX(VLOOKUP(($AJ34-$AI34-$AH34-$AG34-$AF34-$AE34*(1+EY$3))/$AJ34,'Технический лист'!$A:$B,2,1),(EX34-0.05))) | EZ34: =MIN(1,MAX(VLOOKUP(($AJ34-$AI34-$AH34-$AG34-$AF34-$AE34*(1+EZ$3))/$AJ34,'Технический лист'!$A:$B,2,1),(EY34-0.05))) | FA34: =MIN(1,MAX(VLOOKUP(($AJ34-$AI34-$AH34-$AG34-$AF34-$AE34*(1+FA$3))/$AJ34,'Технический лист'!$A:$B,2,1),(EZ34-0.05))) | FB34: =MIN(1,MAX(VLOOKUP(($AJ34-$AI34-$AH34-$AG34-$AF34-$AE34*(1+FB$3))/$AJ34,'Технический лист'!$A:$B,2,1),(FA34-0.05))) | FC34: =MIN(1,MAX(VLOOKUP(($AJ34-$AI34-$AH34-$AG34-$AF34-$AE34*(1+FC$3))/$AJ34,'Технический лист'!$A:$B,2,1),(FB34-0.05))) | FD34: =MIN(1,MAX(VLOOKUP(($AJ34-$AI34-$AH34-$AG34-$AF34-$AE34*(1+FD$3))/$AJ34,'Технический лист'!$A:$B,2,1),(FC34-0.05))) | ... IR34: =MIN(1,MAX(VLOOKUP(($AJ34-$AI34-$AH34-$AG34-$AF34-$AE34*(1+IR$3))/$AJ34,'Технический лист'!$A:$B,2,1),(IQ34-0.05)))
A35: ЧМ (сырье) | B35: 2 | C35: Кокс каменноугольный | D35: 17110 | E35: Кокс, не поименованный в алфавите | F35: КОКС КАМЕННОУГОЛЬНЫЙ | G35: СЕВ | H35: ЮУР | I35: ЧЕРЕПОВЕЦ 2 | J35: КАНИСАЙ-Э(Р) | K35: 2162 | L35: Полувагоны | M35: Экспорт | N35: вагонная | O35: Южное | P35: '000049183851 | Q35: ПАО "СЕВЕРСТАЛЬ" | R35: ПАО "СЕВЕРСТАЛЬ" | S35: 34401 | T35: 74359846 | U35: 656 | V35: 0 | W35: 59457600 | X35: 53 | Y35: групповая | Z35: 12 | AA35: 7 | AB35: 4 | AC35: 1902.09 | AD35: =AE35-AC35 | AE35: 2615.13 | AF35: =(Z35+AA35+AB35)*'Ставки аренды'!$B$3/X35 | AG35: 0 | AH35: 0 | AI35: =507353/712157*AVERAGE(AJ33,AJ34) | AJ35: =Цены!$C$8*'Курсы валют'!$B$2 | AK35: =AJ35/Цены!$B$1 | AL35: =AE35+AF35+AG35 | AM35: =AJ35-AL35 | AN35: =AI35+AH35+AG35+AF35+AE35 | AO35: =(AJ35-AN35)/AJ35 | AP35: =AL35/AJ35 | AQ35: =AE35/AJ35 | AR35: =AE35/AL35 | AS35: 1 | AT35: =S35*AS35 | AU35: 0.95 | AV35: =(AJ35-(AE35*(1+$IS$2)+AF35+AG35+AH35+AI35))/AJ35 | AW35: =(AE35*(1+$IS$2)+AF35+AG35)/AJ35 | AX35: =(AE35*(1+$IS$2))/AJ35 | AY35: =(AE35*(1+$IS$2))/(AE35*(1+$IS$2)+AF35+AG35) | AZ35: =MIN(IF($AU35=100%,1,1+VLOOKUP(($AJ35-$AI35-$AH35-$AG35-$AF35-$AE35*(1+AZ$3))/$AJ35,'Технический лист'!$A:$B,2,1)-VLOOKUP($AO35,'Технический лист'!$A:$B,2,1)),1+(1-$AU35)) | BA35: =MIN(IF($AU35=100%,1,1+VLOOKUP(($AJ35-$AI35-$AH35-$AG35-$AF35-$AE35*(1+BA$3))/$AJ35,'Технический лист'!$A:$B,2,1)-VLOOKUP($AO35,'Технический лист'!$A:$B,2,1)),1+(1-$AU35)) | BB35: =MIN(IF($AU35=100%,1,1+VLOOKUP(($AJ35-$AI35-$AH35-$AG35-$AF35-$AE35*(1+BB$3))/$AJ35,'Технический лист'!$A:$B,2,1)-VLOOKUP($AO35,'Технический лист'!$A:$B,2,1)),1+(1-$AU35)) | BC35: =MIN(IF($AU35=100%,1,1+VLOOKUP(($AJ35-$AI35-$AH35-$AG35-$AF35-$AE35*(1+BC$3))/$AJ35,'Технический лист'!$A:$B,2,1)-VLOOKUP($AO35,'Технический лист'!$A:$B,2,1)),1+(1-$AU35)) | BD35: =MIN(IF($AU35=100%,1,1+VLOOKUP(($AJ35-$AI35-$AH35-$AG35-$AF35-$AE35*(1+BD$3))/$AJ35,'Технический лист'!$A:$B,2,1)-VLOOKUP($AO35,'Технический лист'!$A:$B,2,1)),1+(1-$AU35)) | BE35: =MIN(IF($AU35=100%,1,1+VLOOKUP(($AJ35-$AI35-$AH35-$AG35-$AF35-$AE35*(1+BE$3))/$AJ35,'Технический лист'!$A:$B,2,1)-VLOOKUP($AO35,'Технический лист'!$A:$B,2,1)),1+(1-$AU35)) | BF35: =MIN(IF($AU35=100%,1,1+VLOOKUP(($AJ35-$AI35-$AH35-$AG35-$AF35-$AE35*(1+BF$3))/$AJ35,'Технический лист'!$A:$B,2,1)-VLOOKUP($AO35,'Технический лист'!$A:$B,2,1)),1+(1-$AU35)) | BG35: =MIN(IF($AU35=100%,1,1+VLOOKUP(($AJ35-$AI35-$AH35-$AG35-$AF35-$AE35*(1+BG$3))/$AJ35,'Технический лист'!$A:$B,2,1)-VLOOKUP($AO35,'Технический лист'!$A:$B,2,1)),1+(1-$AU35)) | ... EU35: =MIN(IF($AU35=100%,1,1+VLOOKUP(($AJ35-$AI35-$AH35-$AG35-$AF35-$AE35*(1+EU$3))/$AJ35,'Технический лист'!$A:$B,2,1)-VLOOKUP($AO35,'Технический лист'!$A:$B,2,1)),1+(1-$AU35)) | EV35: 1 | EW35: =MIN(1,MAX(VLOOKUP(($AJ35-$AI35-$AH35-$AG35-$AF35-$AE35*(1+EW$3))/$AJ35,'Технический лист'!$A:$B,2,1),(EV35-0.05))) | EX35: =MIN(1,MAX(VLOOKUP(($AJ35-$AI35-$AH35-$AG35-$AF35-$AE35*(1+EX$3))/$AJ35,'Технический лист'!$A:$B,2,1),(EW35-0.05))) | EY35: =MIN(1,MAX(VLOOKUP(($AJ35-$AI35-$AH35-$AG35-$AF35-$AE35*(1+EY$3))/$AJ35,'Технический лист'!$A:$B,2,1),(EX35-0.05))) | EZ35: =MIN(1,MAX(VLOOKUP(($AJ35-$AI35-$AH35-$AG35-$AF35-$AE35*(1+EZ$3))/$AJ35,'Технический лист'!$A:$B,2,1),(EY35-0.05))) | FA35: =MIN(1,MAX(VLOOKUP(($AJ35-$AI35-$AH35-$AG35-$AF35-$AE35*(1+FA$3))/$AJ35,'Технический лист'!$A:$B,2,1),(EZ35-0.05))) | FB35: =MIN(1,MAX(VLOOKUP(($AJ35-$AI35-$AH35-$AG35-$AF35-$AE35*(1+FB$3))/$AJ35,'Технический лист'!$A:$B,2,1),(FA35-0.05))) | FC35: =MIN(1,MAX(VLOOKUP(($AJ35-$AI35-$AH35-$AG35-$AF35-$AE35*(1+FC$3))/$AJ35,'Технический лист'!$A:$B,2,1),(FB35-0.05))) | FD35: =MIN(1,MAX(VLOOKUP(($AJ35-$AI35-$AH35-$AG35-$AF35-$AE35*(1+FD$3))/$AJ35,'Технический лист'!$A:$B,2,1),(FC35-0.05))) | ... IR35: =MIN(1,MAX(VLOOKUP(($AJ35-$AI35-$AH35-$AG35-$AF35-$AE35*(1+IR$3))/$AJ35,'Технический лист'!$A:$B,2,1),(IQ35-0.05)))
A36: ЧМ (сырье) | B36: 2 | C36: Кокс каменноугольный | D36: 17110 | E36: Кокс, не поименованный в алфавите | F36: КОКС КАМЕННОУГОЛЬНЫЙ | G36: СЕВ | H36: ЮВС | I36: ЧЕРЕПОВЕЦ 2 | J36: ЧУГУН 2 | K36: 1062 | L36: Полувагоны | M36: Внутр. перевозки | N36: вагонная | O36: Южное | P36: '000049183851 | Q36: ПАО "СЕВЕРСТАЛЬ" | R36: ПАО "СЕВЕРСТАЛЬ" | S36: 21751 | T36: 23102111 | U36: 411 | V36: 0 | W36: 23154405 | X36: 53 | Y36: групповая | Z36: 6 | AA36: 5 | AB36: 4 | AC36: 1165.77 | AD36: =AE36-AC36 | AE36: 1579.38 | AF36: =(Z36+AA36+AB36)*'Ставки аренды'!$B$3/X36 | AG36: 0 | AH36: 0 | AI36: =507353/712157*AVERAGE(AJ33,AJ34) | AJ36: =Цены!$D$9 | AK36: =AJ36/Цены!$B$1 | AL36: =AE36+AF36+AG36 | AM36: =AJ36-AL36 | AN36: =AI36+AH36+AG36+AF36+AE36 | AO36: =(AJ36-AN36)/AJ36 | AP36: =AL36/AJ36 | AQ36: =AE36/AJ36 | AR36: =AE36/AL36 | AS36: 1 | AT36: =S36*AS36 | AU36: 0.95 | AV36: =(AJ36-(AE36*(1+$IS$2)+AF36+AG36+AH36+AI36))/AJ36 | AW36: =(AE36*(1+$IS$2)+AF36+AG36)/AJ36 | AX36: =(AE36*(1+$IS$2))/AJ36 | AY36: =(AE36*(1+$IS$2))/(AE36*(1+$IS$2)+AF36+AG36) | AZ36: =MIN(IF($AU36=100%,1,1+VLOOKUP(($AJ36-$AI36-$AH36-$AG36-$AF36-$AE36*(1+AZ$3))/$AJ36,'Технический лист'!$A:$B,2,1)-VLOOKUP($AO36,'Технический лист'!$A:$B,2,1)),1+(1-$AU36)) | BA36: =MIN(IF($AU36=100%,1,1+VLOOKUP(($AJ36-$AI36-$AH36-$AG36-$AF36-$AE36*(1+BA$3))/$AJ36,'Технический лист'!$A:$B,2,1)-VLOOKUP($AO36,'Технический лист'!$A:$B,2,1)),1+(1-$AU36)) | BB36: =MIN(IF($AU36=100%,1,1+VLOOKUP(($AJ36-$AI36-$AH36-$AG36-$AF36-$AE36*(1+BB$3))/$AJ36,'Технический лист'!$A:$B,2,1)-VLOOKUP($AO36,'Технический лист'!$A:$B,2,1)),1+(1-$AU36)) | BC36: =MIN(IF($AU36=100%,1,1+VLOOKUP(($AJ36-$AI36-$AH36-$AG36-$AF36-$AE36*(1+BC$3))/$AJ36,'Технический лист'!$A:$B,2,1)-VLOOKUP($AO36,'Технический лист'!$A:$B,2,1)),1+(1-$AU36)) | BD36: =MIN(IF($AU36=100%,1,1+VLOOKUP(($AJ36-$AI36-$AH36-$AG36-$AF36-$AE36*(1+BD$3))/$AJ36,'Технический лист'!$A:$B,2,1)-VLOOKUP($AO36,'Технический лист'!$A:$B,2,1)),1+(1-$AU36)) | BE36: =MIN(IF($AU36=100%,1,1+VLOOKUP(($AJ36-$AI36-$AH36-$AG36-$AF36-$AE36*(1+BE$3))/$AJ36,'Технический лист'!$A:$B,2,1)-VLOOKUP($AO36,'Технический лист'!$A:$B,2,1)),1+(1-$AU36)) | BF36: =MIN(IF($AU36=100%,1,1+VLOOKUP(($AJ36-$AI36-$AH36-$AG36-$AF36-$AE36*(1+BF$3))/$AJ36,'Технический лист'!$A:$B,2,1)-VLOOKUP($AO36,'Технический лист'!$A:$B,2,1)),1+(1-$AU36)) | BG36: =MIN(IF($AU36=100%,1,1+VLOOKUP(($AJ36-$AI36-$AH36-$AG36-$AF36-$AE36*(1+BG$3))/$AJ36,'Технический лист'!$A:$B,2,1)-VLOOKUP($AO36,'Технический лист'!$A:$B,2,1)),1+(1-$AU36)) | ... EU36: =MIN(IF($AU36=100%,1,1+VLOOKUP(($AJ36-$AI36-$AH36-$AG36-$AF36-$AE36*(1+EU$3))/$AJ36,'Технический лист'!$A:$B,2,1)-VLOOKUP($AO36,'Технический лист'!$A:$B,2,1)),1+(1-$AU36)) | EV36: 1 | EW36: =MIN(1,MAX(VLOOKUP(($AJ36-$AI36-$AH36-$AG36-$AF36-$AE36*(1+EW$3))/$AJ36,'Технический лист'!$A:$B,2,1),(EV36-0.05))) | EX36: =MIN(1,MAX(VLOOKUP(($AJ36-$AI36-$AH36-$AG36-$AF36-$AE36*(1+EX$3))/$AJ36,'Технический лист'!$A:$B,2,1),(EW36-0.05))) | EY36: =MIN(1,MAX(VLOOKUP(($AJ36-$AI36-$AH36-$AG36-$AF36-$AE36*(1+EY$3))/$AJ36,'Технический лист'!$A:$B,2,1),(EX36-0.05))) | EZ36: =MIN(1,MAX(VLOOKUP(($AJ36-$AI36-$AH36-$AG36-$AF36-$AE36*(1+EZ$3))/$AJ36,'Технический лист'!$A:$B,2,1),(EY36-0.05))) | FA36: =MIN(1,MAX(VLOOKUP(($AJ36-$AI36-$AH36-$AG36-$AF36-$AE36*(1+FA$3))/$AJ36,'Технический лист'!$A:$B,2,1),(EZ36-0.05))) | FB36: =MIN(1,MAX(VLOOKUP(($AJ36-$AI36-$AH36-$AG36-$AF36-$AE36*(1+FB$3))/$AJ36,'Технический лист'!$A:$B,2,1),(FA36-0.05))) | FC36: =MIN(1,MAX(VLOOKUP(($AJ36-$AI36-$AH36-$AG36-$AF36-$AE36*(1+FC$3))/$AJ36,'Технический лист'!$A:$B,2,1),(FB36-0.05))) | FD36: =MIN(1,MAX(VLOOKUP(($AJ36-$AI36-$AH36-$AG36-$AF36-$AE36*(1+FD$3))/$AJ36,'Технический лист'!$A:$B,2,1),(FC36-0.05))) | ... IR36: =MIN(1,MAX(VLOOKUP(($AJ36-$AI36-$AH36-$AG36-$AF36-$AE36*(1+IR$3))/$AJ36,'Технический лист'!$A:$B,2,1),(IQ36-0.05)))
A37: ЧМ (сырье) | B37: 4 | C37: Руды всякие | D37: 14109 | E37: Концентрат железорудный (гематит) | F37: РУДЫ И КОНЦЕНТРАТЫ ЖЕЛЕЗН | G37: ОКТ | H37: ОКТ | I37: КОВДОР | J37: МУРМАНСК-ЭКС | K37: 368 | L37: Полувагоны | M37: Экспорт | N37: вагонная | O37: Северо-Западное | P37: '000000186759 | Q37: 'АО "Ковдорский ГОК" | R37: АО "МХК "ЕвроХим" | S37: 1888121 | T37: 694828174 | U37: 26331 | V37: 0 | W37: 769417041 | X37: 72 | Y37: маршрутная | Z37: 3 | AA37: 3 | AB37: 4 | AC37: 439.96 | AD37: =AE37-AC37 | AE37: 589.86 | AF37: =(Z37+AA37+AB37)*'Ставки аренды'!$B$2/X37 | AG37: ='Ставки перевалки'!$B$13 | AH37: 0 | AI37: =0.5*AVERAGE(AJ37,AJ38) | AJ37: =Цены!C15*'Курсы валют'!B2 | AK37: =AJ37/Цены!$B$1 | AL37: =AE37+AF37+AG37 | AM37: =AJ37-AL37 | AN37: =AI37+AH37+AG37+AF37+AE37 | AO37: =(AJ37-AN37)/AJ37 | AP37: =AL37/AJ37 | AQ37: =AE37/AJ37 | AR37: =AE37/AL37 | AS37: 1 | AT37: =S37*AS37 | AU37: 0.98 | AV37: =(AJ37-(AE37*(1+$IS$2)+AF37+AG37+AH37+AI37))/AJ37 | AW37: =(AE37*(1+$IS$2)+AF37+AG37)/AJ37 | AX37: =(AE37*(1+$IS$2))/AJ37 | AY37: =(AE37*(1+$IS$2))/(AE37*(1+$IS$2)+AF37+AG37) | AZ37: =MIN(IF($AU37=100%,1,1+VLOOKUP(($AJ37-$AI37-$AH37-$AG37-$AF37-$AE37*(1+AZ$3))/$AJ37,'Технический лист'!$M:$N,2,1)-VLOOKUP($AO37,'Технический лист'!$M:$N,2,1)),1+(1-$AU37)) | BA37: =MIN(IF($AU37=100%,1,1+VLOOKUP(($AJ37-$AI37-$AH37-$AG37-$AF37-$AE37*(1+BA$3))/$AJ37,'Технический лист'!$M:$N,2,1)-VLOOKUP($AO37,'Технический лист'!$M:$N,2,1)),1+(1-$AU37)) | BB37: =MIN(IF($AU37=100%,1,1+VLOOKUP(($AJ37-$AI37-$AH37-$AG37-$AF37-$AE37*(1+BB$3))/$AJ37,'Технический лист'!$M:$N,2,1)-VLOOKUP($AO37,'Технический лист'!$M:$N,2,1)),1+(1-$AU37)) | BC37: =MIN(IF($AU37=100%,1,1+VLOOKUP(($AJ37-$AI37-$AH37-$AG37-$AF37-$AE37*(1+BC$3))/$AJ37,'Технический лист'!$M:$N,2,1)-VLOOKUP($AO37,'Технический лист'!$M:$N,2,1)),1+(1-$AU37)) | BD37: =MIN(IF($AU37=100%,1,1+VLOOKUP(($AJ37-$AI37-$AH37-$AG37-$AF37-$AE37*(1+BD$3))/$AJ37,'Технический лист'!$M:$N,2,1)-VLOOKUP($AO37,'Технический лист'!$M:$N,2,1)),1+(1-$AU37)) | BE37: =MIN(IF($AU37=100%,1,1+VLOOKUP(($AJ37-$AI37-$AH37-$AG37-$AF37-$AE37*(1+BE$3))/$AJ37,'Технический лист'!$M:$N,2,1)-VLOOKUP($AO37,'Технический лист'!$M:$N,2,1)),1+(1-$AU37)) | BF37: =MIN(IF($AU37=100%,1,1+VLOOKUP(($AJ37-$AI37-$AH37-$AG37-$AF37-$AE37*(1+BF$3))/$AJ37,'Технический лист'!$M:$N,2,1)-VLOOKUP($AO37,'Технический лист'!$M:$N,2,1)),1+(1-$AU37)) | BG37: =MIN(IF($AU37=100%,1,1+VLOOKUP(($AJ37-$AI37-$AH37-$AG37-$AF37-$AE37*(1+BG$3))/$AJ37,'Технический лист'!$M:$N,2,1)-VLOOKUP($AO37,'Технический лист'!$M:$N,2,1)),1+(1-$AU37)) | ... EU37: =MIN(IF($AU37=100%,1,1+VLOOKUP(($AJ37-$AI37-$AH37-$AG37-$AF37-$AE37*(1+EU$3))/$AJ37,'Технический лист'!$M:$N,2,1)-VLOOKUP($AO37,'Технический лист'!$M:$N,2,1)),1+(1-$AU37)) | EV37: 1 | EW37: =MIN(1,MAX(VLOOKUP(($AJ37-$AI37-$AH37-$AG37-$AF37-$AE37*(1+EW$3))/$AJ37,'Технический лист'!$M:$N,2,1),(EV37-0.05))) | EX37: =MIN(1,MAX(VLOOKUP(($AJ37-$AI37-$AH37-$AG37-$AF37-$AE37*(1+EX$3))/$AJ37,'Технический лист'!$M:$N,2,1),(EW37-0.05))) | EY37: =MIN(1,MAX(VLOOKUP(($AJ37-$AI37-$AH37-$AG37-$AF37-$AE37*(1+EY$3))/$AJ37,'Технический лист'!$M:$N,2,1),(EX37-0.05))) | EZ37: =MIN(1,MAX(VLOOKUP(($AJ37-$AI37-$AH37-$AG37-$AF37-$AE37*(1+EZ$3))/$AJ37,'Технический лист'!$M:$N,2,1),(EY37-0.05))) | FA37: =MIN(1,MAX(VLOOKUP(($AJ37-$AI37-$AH37-$AG37-$AF37-$AE37*(1+FA$3))/$AJ37,'Технический лист'!$M:$N,2,1),(EZ37-0.05))) | FB37: =MIN(1,MAX(VLOOKUP(($AJ37-$AI37-$AH37-$AG37-$AF37-$AE37*(1+FB$3))/$AJ37,'Технический лист'!$M:$N,2,1),(FA37-0.05))) | FC37: =MIN(1,MAX(VLOOKUP(($AJ37-$AI37-$AH37-$AG37-$AF37-$AE37*(1+FC$3))/$AJ37,'Технический лист'!$M:$N,2,1),(FB37-0.05))) | FD37: =MIN(1,MAX(VLOOKUP(($AJ37-$AI37-$AH37-$AG37-$AF37-$AE37*(1+FD$3))/$AJ37,'Технический лист'!$M:$N,2,1),(FC37-0.05))) | ... IR37: =MIN(1,MAX(VLOOKUP(($AJ37-$AI37-$AH37-$AG37-$AF37-$AE37*(1+IR$3))/$AJ37,'Технический лист'!$M:$N,2,1),(IQ37-0.05)))
A38: ЧМ (сырье) | B38: 4 | C38: Руды всякие | D38: 14109 | E38: Концентрат железорудный (гематит) | F38: РУДЫ И КОНЦЕНТРАТЫ ЖЕЛЕЗН | G38: ОКТ | H38: ЮУР | I38: КОВДОР | J38: КУЙБАС | K38: 3795 | L38: Полувагоны | M38: Внутр. перевозки | N38: вагонная | O38: Южное | P38: '000000186759 | Q38: 'АО "Ковдорский ГОК" | R38: АО "МХК "ЕвроХим" | S38: 789059 | T38: 2994562366 | U38: 10980 | V38: 0 | W38: 971906367 | X38: 72 | Y38: маршрутная | Z38: 8 | AA38: 8 | AB38: 4 | AC38: 1338.31 | AD38: =AE38-AC38 | AE38: 2087.75 | AF38: =(Z38+AA38+AB38)*'Ставки аренды'!$B$2/X38 | AG38: 0 | AH38: 0 | AI38: =0.5*AVERAGE(AJ37,AJ38) | AJ38: =Цены!$D$14 | AK38: =AJ38/Цены!$B$1 | AL38: =AE38+AF38+AG38 | AM38: =AJ38-AL38 | AN38: =AI38+AH38+AG38+AF38+AE38 | AO38: =(AJ38-AN38)/AJ38 | AP38: =AL38/AJ38 | AQ38: =AE38/AJ38 | AR38: =AE38/AL38 | AS38: 1 | AT38: =S38*AS38 | AU38: 0.98 | AV38: =(AJ38-(AE38*(1+$IS$2)+AF38+AG38+AH38+AI38))/AJ38 | AW38: =(AE38*(1+$IS$2)+AF38+AG38)/AJ38 | AX38: =(AE38*(1+$IS$2))/AJ38 | AY38: =(AE38*(1+$IS$2))/(AE38*(1+$IS$2)+AF38+AG38) | AZ38: =MIN(IF($AU38=100%,1,1+VLOOKUP(($AJ38-$AI38-$AH38-$AG38-$AF38-$AE38*(1+AZ$3))/$AJ38,'Технический лист'!$M:$N,2,1)-VLOOKUP($AO38,'Технический лист'!$M:$N,2,1)),1+(1-$AU38)) | BA38: =MIN(IF($AU38=100%,1,1+VLOOKUP(($AJ38-$AI38-$AH38-$AG38-$AF38-$AE38*(1+BA$3))/$AJ38,'Технический лист'!$M:$N,2,1)-VLOOKUP($AO38,'Технический лист'!$M:$N,2,1)),1+(1-$AU38)) | BB38: =MIN(IF($AU38=100%,1,1+VLOOKUP(($AJ38-$AI38-$AH38-$AG38-$AF38-$AE38*(1+BB$3))/$AJ38,'Технический лист'!$M:$N,2,1)-VLOOKUP($AO38,'Технический лист'!$M:$N,2,1)),1+(1-$AU38)) | BC38: =MIN(IF($AU38=100%,1,1+VLOOKUP(($AJ38-$AI38-$AH38-$AG38-$AF38-$AE38*(1+BC$3))/$AJ38,'Технический лист'!$M:$N,2,1)-VLOOKUP($AO38,'Технический лист'!$M:$N,2,1)),1+(1-$AU38)) | BD38: =MIN(IF($AU38=100%,1,1+VLOOKUP(($AJ38-$AI38-$AH38-$AG38-$AF38-$AE38*(1+BD$3))/$AJ38,'Технический лист'!$M:$N,2,1)-VLOOKUP($AO38,'Технический лист'!$M:$N,2,1)),1+(1-$AU38)) | BE38: =MIN(IF($AU38=100%,1,1+VLOOKUP(($AJ38-$AI38-$AH38-$AG38-$AF38-$AE38*(1+BE$3))/$AJ38,'Технический лист'!$M:$N,2,1)-VLOOKUP($AO38,'Технический лист'!$M:$N,2,1)),1+(1-$AU38)) | BF38: =MIN(IF($AU38=100%,1,1+VLOOKUP(($AJ38-$AI38-$AH38-$AG38-$AF38-$AE38*(1+BF$3))/$AJ38,'Технический лист'!$M:$N,2,1)-VLOOKUP($AO38,'Технический лист'!$M:$N,2,1)),1+(1-$AU38)) | BG38: =MIN(IF($AU38=100%,1,1+VLOOKUP(($AJ38-$AI38-$AH38-$AG38-$AF38-$AE38*(1+BG$3))/$AJ38,'Технический лист'!$M:$N,2,1)-VLOOKUP($AO38,'Технический лист'!$M:$N,2,1)),1+(1-$AU38)) | ... EU38: =MIN(IF($AU38=100%,1,1+VLOOKUP(($AJ38-$AI38-$AH38-$AG38-$AF38-$AE38*(1+EU$3))/$AJ38,'Технический лист'!$M:$N,2,1)-VLOOKUP($AO38,'Технический лист'!$M:$N,2,1)),1+(1-$AU38)) | EV38: 1 | EW38: =MIN(1,MAX(VLOOKUP(($AJ38-$AI38-$AH38-$AG38-$AF38-$AE38*(1+EW$3))/$AJ38,'Технический лист'!$M:$N,2,1),(EV38-0.05))) | EX38: =MIN(1,MAX(VLOOKUP(($AJ38-$AI38-$AH38-$AG38-$AF38-$AE38*(1+EX$3))/$AJ38,'Технический лист'!$M:$N,2,1),(EW38-0.05))) | EY38: =MIN(1,MAX(VLOOKUP(($AJ38-$AI38-$AH38-$AG38-$AF38-$AE38*(1+EY$3))/$AJ38,'Технический лист'!$M:$N,2,1),(EX38-0.05))) | EZ38: =MIN(1,MAX(VLOOKUP(($AJ38-$AI38-$AH38-$AG38-$AF38-$AE38*(1+EZ$3))/$AJ38,'Технический лист'!$M:$N,2,1),(EY38-0.05))) | FA38: =MIN(1,MAX(VLOOKUP(($AJ38-$AI38-$AH38-$AG38-$AF38-$AE38*(1+FA$3))/$AJ38,'Технический лист'!$M:$N,2,1),(EZ38-0.05))) | FB38: =MIN(1,MAX(VLOOKUP(($AJ38-$AI38-$AH38-$AG38-$AF38-$AE38*(1+FB$3))/$AJ38,'Технический лист'!$M:$N,2,1),(FA38-0.05))) | FC38: =MIN(1,MAX(VLOOKUP(($AJ38-$AI38-$AH38-$AG38-$AF38-$AE38*(1+FC$3))/$AJ38,'Технический лист'!$M:$N,2,1),(FB38-0.05))) | FD38: =MIN(1,MAX(VLOOKUP(($AJ38-$AI38-$AH38-$AG38-$AF38-$AE38*(1+FD$3))/$AJ38,'Технический лист'!$M:$N,2,1),(FC38-0.05))) | ... IR38: =MIN(1,MAX(VLOOKUP(($AJ38-$AI38-$AH38-$AG38-$AF38-$AE38*(1+IR$3))/$AJ38,'Технический лист'!$M:$N,2,1),(IQ38-0.05)))
A39: ЧМ (сырье) | B39: 4 | C39: Руды всякие | D39: 14109 | E39: Концентрат железорудный (гематит) | F39: РУДЫ И КОНЦЕНТРАТЫ ЖЕЛЕЗН | G39: ОКТ | H39: СЕВ | I39: КОВДОР | J39: ЧЕРЕПОВЕЦ 2 | K39: 1506 | L39: Полувагоны | M39: Внутр. перевозки | N39: вагонная | O39: Северо-Западное | P39: '000000186759 | Q39: 'АО "Ковдорский ГОК" | R39: АО "МХК "ЕвроХим" | S39: 709894 | T39: 1069339403 | U39: 9904 | V39: 0 | W39: 603175640 | X39: 72 | Y39: маршрутная | Z39: 5 | AA39: 5 | AB39: 4 | AC39: 926.58 | AD39: =AE39-AC39 | AE39: 1441.39 | AF39: =(Z39+AA39+AB39)*'Ставки аренды'!$B$2/X39 | AG39: 0 | AH39: 0 | AI39: =0.5*AVERAGE(AJ37,AJ38) | AJ39: =Цены!$D$14 | AK39: =AJ39/Цены!$B$1 | AL39: =AE39+AF39+AG39 | AM39: =AJ39-AL39 | AN39: =AI39+AH39+AG39+AF39+AE39 | AO39: =(AJ39-AN39)/AJ39 | AP39: =AL39/AJ39 | AQ39: =AE39/AJ39 | AR39: =AE39/AL39 | AS39: 1 | AT39: =S39*AS39 | AU39: 0.98 | AV39: =(AJ39-(AE39*(1+$IS$2)+AF39+AG39+AH39+AI39))/AJ39 | AW39: =(AE39*(1+$IS$2)+AF39+AG39)/AJ39 | AX39: =(AE39*(1+$IS$2))/AJ39 | AY39: =(AE39*(1+$IS$2))/(AE39*(1+$IS$2)+AF39+AG39) | AZ39: =MIN(IF($AU39=100%,1,1+VLOOKUP(($AJ39-$AI39-$AH39-$AG39-$AF39-$AE39*(1+AZ$3))/$AJ39,'Технический лист'!$M:$N,2,1)-VLOOKUP($AO39,'Технический лист'!$M:$N,2,1)),1+(1-$AU39)) | BA39: =MIN(IF($AU39=100%,1,1+VLOOKUP(($AJ39-$AI39-$AH39-$AG39-$AF39-$AE39*(1+BA$3))/$AJ39,'Технический лист'!$M:$N,2,1)-VLOOKUP($AO39,'Технический лист'!$M:$N,2,1)),1+(1-$AU39)) | BB39: =MIN(IF($AU39=100%,1,1+VLOOKUP(($AJ39-$AI39-$AH39-$AG39-$AF39-$AE39*(1+BB$3))/$AJ39,'Технический лист'!$M:$N,2,1)-VLOOKUP($AO39,'Технический лист'!$M:$N,2,1)),1+(1-$AU39)) | BC39: =MIN(IF($AU39=100%,1,1+VLOOKUP(($AJ39-$AI39-$AH39-$AG39-$AF39-$AE39*(1+BC$3))/$AJ39,'Технический лист'!$M:$N,2,1)-VLOOKUP($AO39,'Технический лист'!$M:$N,2,1)),1+(1-$AU39)) | BD39: =MIN(IF($AU39=100%,1,1+VLOOKUP(($AJ39-$AI39-$AH39-$AG39-$AF39-$AE39*(1+BD$3))/$AJ39,'Технический лист'!$M:$N,2,1)-VLOOKUP($AO39,'Технический лист'!$M:$N,2,1)),1+(1-$AU39)) | BE39: =MIN(IF($AU39=100%,1,1+VLOOKUP(($AJ39-$AI39-$AH39-$AG39-$AF39-$AE39*(1+BE$3))/$AJ39,'Технический лист'!$M:$N,2,1)-VLOOKUP($AO39,'Технический лист'!$M:$N,2,1)),1+(1-$AU39)) | BF39: =MIN(IF($AU39=100%,1,1+VLOOKUP(($AJ39-$AI39-$AH39-$AG39-$AF39-$AE39*(1+BF$3))/$AJ39,'Технический лист'!$M:$N,2,1)-VLOOKUP($AO39,'Технический лист'!$M:$N,2,1)),1+(1-$AU39)) | BG39: =MIN(IF($AU39=100%,1,1+VLOOKUP(($AJ39-$AI39-$AH39-$AG39-$AF39-$AE39*(1+BG$3))/$AJ39,'Технический лист'!$M:$N,2,1)-VLOOKUP($AO39,'Технический лист'!$M:$N,2,1)),1+(1-$AU39)) | ... EU39: =MIN(IF($AU39=100%,1,1+VLOOKUP(($AJ39-$AI39-$AH39-$AG39-$AF39-$AE39*(1+EU$3))/$AJ39,'Технический лист'!$M:$N,2,1)-VLOOKUP($AO39,'Технический лист'!$M:$N,2,1)),1+(1-$AU39)) | EV39: 1 | EW39: =MIN(1,MAX(VLOOKUP(($AJ39-$AI39-$AH39-$AG39-$AF39-$AE39*(1+EW$3))/$AJ39,'Технический лист'!$M:$N,2,1),(EV39-0.05))) | EX39: =MIN(1,MAX(VLOOKUP(($AJ39-$AI39-$AH39-$AG39-$AF39-$AE39*(1+EX$3))/$AJ39,'Технический лист'!$M:$N,2,1),(EW39-0.05))) | EY39: =MIN(1,MAX(VLOOKUP(($AJ39-$AI39-$AH39-$AG39-$AF39-$AE39*(1+EY$3))/$AJ39,'Технический лист'!$M:$N,2,1),(EX39-0.05))) | EZ39: =MIN(1,MAX(VLOOKUP(($AJ39-$AI39-$AH39-$AG39-$AF39-$AE39*(1+EZ$3))/$AJ39,'Технический лист'!$M:$N,2,1),(EY39-0.05))) | FA39: =MIN(1,MAX(VLOOKUP(($AJ39-$AI39-$AH39-$AG39-$AF39-$AE39*(1+FA$3))/$AJ39,'Технический лист'!$M:$N,2,1),(EZ39-0.05))) | FB39: =MIN(1,MAX(VLOOKUP(($AJ39-$AI39-$AH39-$AG39-$AF39-$AE39*(1+FB$3))/$AJ39,'Технический лист'!$M:$N,2,1),(FA39-0.05))) | FC39: =MIN(1,MAX(VLOOKUP(($AJ39-$AI39-$AH39-$AG39-$AF39-$AE39*(1+FC$3))/$AJ39,'Технический лист'!$M:$N,2,1),(FB39-0.05))) | FD39: =MIN(1,MAX(VLOOKUP(($AJ39-$AI39-$AH39-$AG39-$AF39-$AE39*(1+FD$3))/$AJ39,'Технический лист'!$M:$N,2,1),(FC39-0.05))) | ... IR39: =MIN(1,MAX(VLOOKUP(($AJ39-$AI39-$AH39-$AG39-$AF39-$AE39*(1+IR$3))/$AJ39,'Технический лист'!$M:$N,2,1),(IQ39-0.05)))
A40: ЧМ (сырье) | B40: 4 | C40: Руды всякие | D40: 14109 | E40: Концентрат железорудный (гематит) | F40: РУДЫ И КОНЦЕНТРАТЫ ЖЕЛЕЗН | G40: ДВС | H40: ИФР | I40: ИЗВЕСТКОВАЯ | J40: МИХ-СЕМ-Э | K40: 244 | L40: Полувагоны | M40: Экспорт | N40: вагонная | O40: Восточное | P40: '000073844898 | Q40: ООО "Кимкано-Сутарский ГОК" | R40: ГК "Петропавловск" | S40: 1588316 | T40: 387549218 | U40: 22239 | V40: 0 | W40: 1326258461 | X40: 72 | Y40: маршрутная | Z40: 3 | AA40: 2 | AB40: 4 | AC40: 360.42 | AD40: =AE40-AC40 | AE40: 464.92 | AF40: =(Z40+AA40+AB40)*'Ставки аренды'!$B$2/X40 | AG40: ='Ставки перевалки'!$B$13 | AH40: 0 | AI40: =14214890/21228111*AVERAGE(AJ40,AJ41) | AJ40: =Цены!C15*'Курсы валют'!B2 | AK40: =AJ40/Цены!$B$1 | AL40: =AE40+AF40+AG40 | AM40: =AJ40-AL40 | AN40: =AI40+AH40+AG40+AF40+AE40 | AO40: =(AJ40-AN40)/AJ40 | AP40: =AL40/AJ40 | AQ40: =AE40/AJ40 | AR40: =AE40/AL40 | AS40: 1 | AT40: =S40*AS40 | AU40: 0.75 | AV40: =(AJ40-(AE40*(1+$IS$2)+AF40+AG40+AH40+AI40))/AJ40 | AW40: =(AE40*(1+$IS$2)+AF40+AG40)/AJ40 | AX40: =(AE40*(1+$IS$2))/AJ40 | AY40: =(AE40*(1+$IS$2))/(AE40*(1+$IS$2)+AF40+AG40) | AZ40: =MIN(IF($AU40=100%,1,1+VLOOKUP(($AJ40-$AI40-$AH40-$AG40-$AF40-$AE40*(1+AZ$3))/$AJ40,'Технический лист'!$M:$N,2,1)-VLOOKUP($AO40,'Технический лист'!$M:$N,2,1)),1+(1-$AU40)) | BA40: =MIN(IF($AU40=100%,1,1+VLOOKUP(($AJ40-$AI40-$AH40-$AG40-$AF40-$AE40*(1+BA$3))/$AJ40,'Технический лист'!$M:$N,2,1)-VLOOKUP($AO40,'Технический лист'!$M:$N,2,1)),1+(1-$AU40)) | BB40: =MIN(IF($AU40=100%,1,1+VLOOKUP(($AJ40-$AI40-$AH40-$AG40-$AF40-$AE40*(1+BB$3))/$AJ40,'Технический лист'!$M:$N,2,1)-VLOOKUP($AO40,'Технический лист'!$M:$N,2,1)),1+(1-$AU40)) | BC40: =MIN(IF($AU40=100%,1,1+VLOOKUP(($AJ40-$AI40-$AH40-$AG40-$AF40-$AE40*(1+BC$3))/$AJ40,'Технический лист'!$M:$N,2,1)-VLOOKUP($AO40,'Технический лист'!$M:$N,2,1)),1+(1-$AU40)) | BD40: =MIN(IF($AU40=100%,1,1+VLOOKUP(($AJ40-$AI40-$AH40-$AG40-$AF40-$AE40*(1+BD$3))/$AJ40,'Технический лист'!$M:$N,2,1)-VLOOKUP($AO40,'Технический лист'!$M:$N,2,1)),1+(1-$AU40)) | BE40: =MIN(IF($AU40=100%,1,1+VLOOKUP(($AJ40-$AI40-$AH40-$AG40-$AF40-$AE40*(1+BE$3))/$AJ40,'Технический лист'!$M:$N,2,1)-VLOOKUP($AO40,'Технический лист'!$M:$N,2,1)),1+(1-$AU40)) | BF40: =MIN(IF($AU40=100%,1,1+VLOOKUP(($AJ40-$AI40-$AH40-$AG40-$AF40-$AE40*(1+BF$3))/$AJ40,'Технический лист'!$M:$N,2,1)-VLOOKUP($AO40,'Технический лист'!$M:$N,2,1)),1+(1-$AU40)) | BG40: =MIN(IF($AU40=100%,1,1+VLOOKUP(($AJ40-$AI40-$AH40-$AG40-$AF40-$AE40*(1+BG$3))/$AJ40,'Технический лист'!$M:$N,2,1)-VLOOKUP($AO40,'Технический лист'!$M:$N,2,1)),1+(1-$AU40)) | ... EU40: =MIN(IF($AU40=100%,1,1+VLOOKUP(($AJ40-$AI40-$AH40-$AG40-$AF40-$AE40*(1+EU$3))/$AJ40,'Технический лист'!$M:$N,2,1)-VLOOKUP($AO40,'Технический лист'!$M:$N,2,1)),1+(1-$AU40)) | EV40: 1 | EW40: =MIN(1,MAX(VLOOKUP(($AJ40-$AI40-$AH40-$AG40-$AF40-$AE40*(1+EW$3))/$AJ40,'Технический лист'!$M:$N,2,1),(EV40-0.05))) | EX40: =MIN(1,MAX(VLOOKUP(($AJ40-$AI40-$AH40-$AG40-$AF40-$AE40*(1+EX$3))/$AJ40,'Технический лист'!$M:$N,2,1),(EW40-0.05))) | EY40: =MIN(1,MAX(VLOOKUP(($AJ40-$AI40-$AH40-$AG40-$AF40-$AE40*(1+EY$3))/$AJ40,'Технический лист'!$M:$N,2,1),(EX40-0.05))) | EZ40: =MIN(1,MAX(VLOOKUP(($AJ40-$AI40-$AH40-$AG40-$AF40-$AE40*(1+EZ$3))/$AJ40,'Технический лист'!$M:$N,2,1),(EY40-0.05))) | FA40: =MIN(1,MAX(VLOOKUP(($AJ40-$AI40-$AH40-$AG40-$AF40-$AE40*(1+FA$3))/$AJ40,'Технический лист'!$M:$N,2,1),(EZ40-0.05))) | FB40: =MIN(1,MAX(VLOOKUP(($AJ40-$AI40-$AH40-$AG40-$AF40-$AE40*(1+FB$3))/$AJ40,'Технический лист'!$M:$N,2,1),(FA40-0.05))) | FC40: =MIN(1,MAX(VLOOKUP(($AJ40-$AI40-$AH40-$AG40-$AF40-$AE40*(1+FC$3))/$AJ40,'Технический лист'!$M:$N,2,1),(FB40-0.05))) | FD40: =MIN(1,MAX(VLOOKUP(($AJ40-$AI40-$AH40-$AG40-$AF40-$AE40*(1+FD$3))/$AJ40,'Технический лист'!$M:$N,2,1),(FC40-0.05))) | ... IR40: =MIN(1,MAX(VLOOKUP(($AJ40-$AI40-$AH40-$AG40-$AF40-$AE40*(1+IR$3))/$AJ40,'Технический лист'!$M:$N,2,1),(IQ40-0.05)))
A41: ЧМ (сырье) | B41: 4 | C41: Руды всякие | D41: 14109 | E41: Концентрат железорудный (гематит) | F41: РУДЫ И КОНЦЕНТРАТЫ ЖЕЛЕЗН | G41: ДВС | H41: ВСБ | I41: ИЗВЕСТКОВАЯ | J41: ЧЕЛУТАЙ | K41: 2524 | L41: Полувагоны | M41: Внутр. перевозки | N41: вагонная | O41: Восточное | P41: '000073844898 | Q41: 'ООО "Кимкано-Сутарский ГОК" | R41: ГК "Петропавловск" | S41: 37843 | T41: 95516374 | U41: 512 | V41: 0 | W41: 42894811 | X41: 72 | Y41: маршрутная | Z41: 7 | AA41: 7 | AB41: 4 | AC41: 1194.32 | AD41: =AE41-AC41 | AE41: 1848.13 | AF41: =(Z41+AA41+AB41)*'Ставки аренды'!$B$2/X41 | AG41: 0 | AH41: 0 | AI41: =14214890/21228111*AVERAGE(AJ40,AJ41) | AJ41: =Цены!$D$14 | AK41: =AJ41/Цены!$B$1 | AL41: =AE41+AF41+AG41 | AM41: =AJ41-AL41 | AN41: =AI41+AH41+AG41+AF41+AE41 | AO41: =(AJ41-AN41)/AJ41 | AP41: =AL41/AJ41 | AQ41: =AE41/AJ41 | AR41: =AE41/AL41 | AS41: 1 | AT41: =S41*AS41 | AU41: 0.75 | AV41: =(AJ41-(AE41*(1+$IS$2)+AF41+AG41+AH41+AI41))/AJ41 | AW41: =(AE41*(1+$IS$2)+AF41+AG41)/AJ41 | AX41: =(AE41*(1+$IS$2))/AJ41 | AY41: =(AE41*(1+$IS$2))/(AE41*(1+$IS$2)+AF41+AG41) | AZ41: =MIN(IF($AU41=100%,1,1+VLOOKUP(($AJ41-$AI41-$AH41-$AG41-$AF41-$AE41*(1+AZ$3))/$AJ41,'Технический лист'!$M:$N,2,1)-VLOOKUP($AO41,'Технический лист'!$M:$N,2,1)),1+(1-$AU41)) | BA41: =MIN(IF($AU41=100%,1,1+VLOOKUP(($AJ41-$AI41-$AH41-$AG41-$AF41-$AE41*(1+BA$3))/$AJ41,'Технический лист'!$M:$N,2,1)-VLOOKUP($AO41,'Технический лист'!$M:$N,2,1)),1+(1-$AU41)) | BB41: =MIN(IF($AU41=100%,1,1+VLOOKUP(($AJ41-$AI41-$AH41-$AG41-$AF41-$AE41*(1+BB$3))/$AJ41,'Технический лист'!$M:$N,2,1)-VLOOKUP($AO41,'Технический лист'!$M:$N,2,1)),1+(1-$AU41)) | BC41: =MIN(IF($AU41=100%,1,1+VLOOKUP(($AJ41-$AI41-$AH41-$AG41-$AF41-$AE41*(1+BC$3))/$AJ41,'Технический лист'!$M:$N,2,1)-VLOOKUP($AO41,'Технический лист'!$M:$N,2,1)),1+(1-$AU41)) | BD41: =MIN(IF($AU41=100%,1,1+VLOOKUP(($AJ41-$AI41-$AH41-$AG41-$AF41-$AE41*(1+BD$3))/$AJ41,'Технический лист'!$M:$N,2,1)-VLOOKUP($AO41,'Технический лист'!$M:$N,2,1)),1+(1-$AU41)) | BE41: =MIN(IF($AU41=100%,1,1+VLOOKUP(($AJ41-$AI41-$AH41-$AG41-$AF41-$AE41*(1+BE$3))/$AJ41,'Технический лист'!$M:$N,2,1)-VLOOKUP($AO41,'Технический лист'!$M:$N,2,1)),1+(1-$AU41)) | BF41: =MIN(IF($AU41=100%,1,1+VLOOKUP(($AJ41-$AI41-$AH41-$AG41-$AF41-$AE41*(1+BF$3))/$AJ41,'Технический лист'!$M:$N,2,1)-VLOOKUP($AO41,'Технический лист'!$M:$N,2,1)),1+(1-$AU41)) | BG41: =MIN(IF($AU41=100%,1,1+VLOOKUP(($AJ41-$AI41-$AH41-$AG41-$AF41-$AE41*(1+BG$3))/$AJ41,'Технический лист'!$M:$N,2,1)-VLOOKUP($AO41,'Технический лист'!$M:$N,2,1)),1+(1-$AU41)) | ... EU41: =MIN(IF($AU41=100%,1,1+VLOOKUP(($AJ41-$AI41-$AH41-$AG41-$AF41-$AE41*(1+EU$3))/$AJ41,'Технический лист'!$M:$N,2,1)-VLOOKUP($AO41,'Технический лист'!$M:$N,2,1)),1+(1-$AU41)) | EV41: 1 | EW41: =MIN(1,MAX(VLOOKUP(($AJ41-$AI41-$AH41-$AG41-$AF41-$AE41*(1+EW$3))/$AJ41,'Технический лист'!$M:$N,2,1),(EV41-0.05))) | EX41: =MIN(1,MAX(VLOOKUP(($AJ41-$AI41-$AH41-$AG41-$AF41-$AE41*(1+EX$3))/$AJ41,'Технический лист'!$M:$N,2,1),(EW41-0.05))) | EY41: =MIN(1,MAX(VLOOKUP(($AJ41-$AI41-$AH41-$AG41-$AF41-$AE41*(1+EY$3))/$AJ41,'Технический лист'!$M:$N,2,1),(EX41-0.05))) | EZ41: =MIN(1,MAX(VLOOKUP(($AJ41-$AI41-$AH41-$AG41-$AF41-$AE41*(1+EZ$3))/$AJ41,'Технический лист'!$M:$N,2,1),(EY41-0.05))) | FA41: =MIN(1,MAX(VLOOKUP(($AJ41-$AI41-$AH41-$AG41-$AF41-$AE41*(1+FA$3))/$AJ41,'Технический лист'!$M:$N,2,1),(EZ41-0.05))) | FB41: =MIN(1,MAX(VLOOKUP(($AJ41-$AI41-$AH41-$AG41-$AF41-$AE41*(1+FB$3))/$AJ41,'Технический лист'!$M:$N,2,1),(FA41-0.05))) | FC41: =MIN(1,MAX(VLOOKUP(($AJ41-$AI41-$AH41-$AG41-$AF41-$AE41*(1+FC$3))/$AJ41,'Технический лист'!$M:$N,2,1),(FB41-0.05))) | FD41: =MIN(1,MAX(VLOOKUP(($AJ41-$AI41-$AH41-$AG41-$AF41-$AE41*(1+FD$3))/$AJ41,'Технический лист'!$M:$N,2,1),(FC41-0.05))) | ... IR41: =MIN(1,MAX(VLOOKUP(($AJ41-$AI41-$AH41-$AG41-$AF41-$AE41*(1+IR$3))/$AJ41,'Технический лист'!$M:$N,2,1),(IQ41-0.05)))
A42: ЧМ (сырье) | B42: 4 | C42: Руды всякие | D42: 14109 | E42: Концентрат железорудный (гематит) | F42: РУДЫ И КОНЦЕНТРАТЫ ЖЕЛЕЗН | G42: ДВС | H42: ЗСБ | I42: ИЗВЕСТКОВАЯ | J42: НОВОКУЗ.-СЕВ | K42: 4862 | L42: Полувагоны | M42: Внутр. перевозки | N42: вагонная | O42: Южное | P42: '000073844898 | Q42: 'ООО "Кимкано-Сутарский ГОК" | R42: ГК "Петропавловск" | S42: 14113 | T42: 68615954 | U42: 198 | V42: 0 | W42: 21496288 | X42: 72 | Y42: маршрутная | Z42: 11 | AA42: 11 | AB42: 4 | AC42: 1645.58 | AD42: =AE42-AC42 | AE42: 2627.33 | AF42: =(Z42+AA42+AB42)*'Ставки аренды'!$B$2/X42 | AG42: 0 | AH42: 0 | AI42: =14214890/21228111*AVERAGE(AJ40,AJ41) | AJ42: =Цены!$D$14 | AK42: =AJ42/Цены!$B$1 | AL42: =AE42+AF42+AG42 | AM42: =AJ42-AL42 | AN42: =AI42+AH42+AG42+AF42+AE42 | AO42: =(AJ42-AN42)/AJ42 | AP42: =AL42/AJ42 | AQ42: =AE42/AJ42 | AR42: =AE42/AL42 | AS42: 1 | AT42: =S42*AS42 | AU42: 0.75 | AV42: =(AJ42-(AE42*(1+$IS$2)+AF42+AG42+AH42+AI42))/AJ42 | AW42: =(AE42*(1+$IS$2)+AF42+AG42)/AJ42 | AX42: =(AE42*(1+$IS$2))/AJ42 | AY42: =(AE42*(1+$IS$2))/(AE42*(1+$IS$2)+AF42+AG42) | AZ42: =MIN(IF($AU42=100%,1,1+VLOOKUP(($AJ42-$AI42-$AH42-$AG42-$AF42-$AE42*(1+AZ$3))/$AJ42,'Технический лист'!$M:$N,2,1)-VLOOKUP($AO42,'Технический лист'!$M:$N,2,1)),1+(1-$AU42)) | BA42: =MIN(IF($AU42=100%,1,1+VLOOKUP(($AJ42-$AI42-$AH42-$AG42-$AF42-$AE42*(1+BA$3))/$AJ42,'Технический лист'!$M:$N,2,1)-VLOOKUP($AO42,'Технический лист'!$M:$N,2,1)),1+(1-$AU42)) | BB42: =MIN(IF($AU42=100%,1,1+VLOOKUP(($AJ42-$AI42-$AH42-$AG42-$AF42-$AE42*(1+BB$3))/$AJ42,'Технический лист'!$M:$N,2,1)-VLOOKUP($AO42,'Технический лист'!$M:$N,2,1)),1+(1-$AU42)) | BC42: =MIN(IF($AU42=100%,1,1+VLOOKUP(($AJ42-$AI42-$AH42-$AG42-$AF42-$AE42*(1+BC$3))/$AJ42,'Технический лист'!$M:$N,2,1)-VLOOKUP($AO42,'Технический лист'!$M:$N,2,1)),1+(1-$AU42)) | BD42: =MIN(IF($AU42=100%,1,1+VLOOKUP(($AJ42-$AI42-$AH42-$AG42-$AF42-$AE42*(1+BD$3))/$AJ42,'Технический лист'!$M:$N,2,1)-VLOOKUP($AO42,'Технический лист'!$M:$N,2,1)),1+(1-$AU42)) | BE42: =MIN(IF($AU42=100%,1,1+VLOOKUP(($AJ42-$AI42-$AH42-$AG42-$AF42-$AE42*(1+BE$3))/$AJ42,'Технический лист'!$M:$N,2,1)-VLOOKUP($AO42,'Технический лист'!$M:$N,2,1)),1+(1-$AU42)) | BF42: =MIN(IF($AU42=100%,1,1+VLOOKUP(($AJ42-$AI42-$AH42-$AG42-$AF42-$AE42*(1+BF$3))/$AJ42,'Технический лист'!$M:$N,2,1)-VLOOKUP($AO42,'Технический лист'!$M:$N,2,1)),1+(1-$AU42)) | BG42: =MIN(IF($AU42=100%,1,1+VLOOKUP(($AJ42-$AI42-$AH42-$AG42-$AF42-$AE42*(1+BG$3))/$AJ42,'Технический лист'!$M:$N,2,1)-VLOOKUP($AO42,'Технический лист'!$M:$N,2,1)),1+(1-$AU42)) | ... EU42: =MIN(IF($AU42=100%,1,1+VLOOKUP(($AJ42-$AI42-$AH42-$AG42-$AF42-$AE42*(1+EU$3))/$AJ42,'Технический лист'!$M:$N,2,1)-VLOOKUP($AO42,'Технический лист'!$M:$N,2,1)),1+(1-$AU42)) | EV42: 1 | EW42: =MIN(1,MAX(VLOOKUP(($AJ42-$AI42-$AH42-$AG42-$AF42-$AE42*(1+EW$3))/$AJ42,'Технический лист'!$M:$N,2,1),(EV42-0.05))) | EX42: =MIN(1,MAX(VLOOKUP(($AJ42-$AI42-$AH42-$AG42-$AF42-$AE42*(1+EX$3))/$AJ42,'Технический лист'!$M:$N,2,1),(EW42-0.05))) | EY42: =MIN(1,MAX(VLOOKUP(($AJ42-$AI42-$AH42-$AG42-$AF42-$AE42*(1+EY$3))/$AJ42,'Технический лист'!$M:$N,2,1),(EX42-0.05))) | EZ42: =MIN(1,MAX(VLOOKUP(($AJ42-$AI42-$AH42-$AG42-$AF42-$AE42*(1+EZ$3))/$AJ42,'Технический лист'!$M:$N,2,1),(EY42-0.05))) | FA42: =MIN(1,MAX(VLOOKUP(($AJ42-$AI42-$AH42-$AG42-$AF42-$AE42*(1+FA$3))/$AJ42,'Технический лист'!$M:$N,2,1),(EZ42-0.05))) | FB42: =MIN(1,MAX(VLOOKUP(($AJ42-$AI42-$AH42-$AG42-$AF42-$AE42*(1+FB$3))/$AJ42,'Технический лист'!$M:$N,2,1),(FA42-0.05))) | FC42: =MIN(1,MAX(VLOOKUP(($AJ42-$AI42-$AH42-$AG42-$AF42-$AE42*(1+FC$3))/$AJ42,'Технический лист'!$M:$N,2,1),(FB42-0.05))) | FD42: =MIN(1,MAX(VLOOKUP(($AJ42-$AI42-$AH42-$AG42-$AF42-$AE42*(1+FD$3))/$AJ42,'Технический лист'!$M:$N,2,1),(FC42-0.05))) | ... IR42: =MIN(1,MAX(VLOOKUP(($AJ42-$AI42-$AH42-$AG42-$AF42-$AE42*(1+IR$3))/$AJ42,'Технический лист'!$M:$N,2,1),(IQ42-0.05)))
A43: ЧМ (сырье) | B43: 4 | C43: Руды всякие | D43: 14111 | E43: Окатыши железорудные | F43: РУДЫ И КОНЦЕНТРАТЫ ЖЕЛЕЗН | G43: СВР | H43: СВР | I43: КАЧКАНАР | J43: СМЫЧКА | K43: 103 | L43: Полувагоны | M43: Внутр. перевозки | N43: вагонная | O43: Южное | P43: '000000186938 | Q43: 'АО "ЕВРАЗ КГОК" | R43: ООО "ЕвразХолдинг" | S43: 4335263 | T43: 446525789 | U43: 57758 | V43: 0 | W43: 856392600 | X43: 75 | Y43: маршрутная | Z43: 3 | AA43: 3 | AB43: 4 | AC43: 203.69 | AD43: =AE43-AC43 | AE43: 250.92 | AF43: =(Z43+AA43+AB43)*'Ставки аренды'!$B$2/X43 | AG43: 0 | AH43: 0 | AI43: =0.71*AVERAGE(AJ43,AJ44) | AJ43: =Цены!$D$12 | AK43: =AJ43/Цены!$B$1 | AL43: =AE43+AF43+AG43 | AM43: =AJ43-AL43 | AN43: =AI43+AH43+AG43+AF43+AE43 | AO43: =(AJ43-AN43)/AJ43 | AP43: =AL43/AJ43 | AQ43: =AE43/AJ43 | AR43: =AE43/AL43 | AS43: 1 | AT43: =S43*AS43 | AU43: Внутренняя логистика | AV43: =(AJ43-(AE43*(1+$IS$2)+AF43+AG43+AH43+AI43))/AJ43 | AW43: =(AE43*(1+$IS$2)+AF43+AG43)/AJ43 | AX43: =(AE43*(1+$IS$2))/AJ43 | AY43: =(AE43*(1+$IS$2))/(AE43*(1+$IS$2)+AF43+AG43) | AZ43: 1 | BA43: 1 | BB43: 1 | BC43: 1 | BD43: 1 | BE43: 1 | BF43: 1 | BG43: 1 | BH43: 1 | BI43: 1 | BJ43: 1 | BK43: 1 | BL43: 1 | BM43: 1 | BN43: 1 | BO43: 1 | BP43: 1 | BQ43: 1 | BR43: 1 | BS43: 1 | BT43: 1 | BU43: 1 | BV43: 1 | BW43: 1 | BX43: 1 | BY43: 1 | BZ43: 1 | CA43: 1 | CB43: 1 | CC43: 1 | CD43: 1 | CE43: 1 | CF43: 1 | CG43: 1 | CH43: 1 | CI43: 1 | CJ43: 1 | CK43: 1 | CL43: 1 | CM43: 1 | CN43: 1 | CO43: 1 | CP43: 1 | CQ43: 1 | CR43: 1 | CS43: 1 | CT43: 1 | CU43: 1 | CV43: 1 | CW43: 1 | CX43: 1 | CY43: 1 | CZ43: 1 | DA43: 1 | DB43: 1 | DC43: 1 | DD43: 1 | DE43: 1 | DF43: 1 | DG43: 1 | DH43: 1 | DI43: 1 | DJ43: 1 | DK43: 1 | DL43: 1 | DM43: 1 | DN43: 1 | DO43: 1 | DP43: 1 | DQ43: 1 | DR43: 1 | DS43: 1 | DT43: 1 | DU43: 1 | DV43: 1 | DW43: 1 | DX43: 1 | DY43: 1 | DZ43: 1 | EA43: 1 | EB43: 1 | EC43: 1 | ED43: 1 | EE43: 1 | EF43: 1 | EG43: 1 | EH43: 1 | EI43: 1 | EJ43: 1 | EK43: 1 | EL43: 1 | EM43: 1 | EN43: 1 | EO43: 1 | EP43: 1 | EQ43: 1 | ER43: 1 | ES43: 1 | ET43: 1 | EU43: 1 | EV43: 1 | EW43: 1 | EX43: 1 | EY43: 1 | EZ43: 1 | FA43: 1 | FB43: 1 | FC43: 1 | FD43: 1 | FE43: 1 | FF43: 1 | FG43: 1 | FH43: 1 | FI43: 1 | FJ43: 1 | FK43: 1 | FL43: 1 | FM43: 1 | FN43: 1 | FO43: 1 | FP43: 1 | FQ43: 1 | FR43: 1 | FS43: 1 | FT43: 1 | FU43: 1 | FV43: 1 | FW43: 1 | FX43: 1 | FY43: 1 | FZ43: 1 | GA43: 1 | GB43: 1 | GC43: 1 | GD43: 1 | GE43: 1 | GF43: 1 | GG43: 1 | GH43: 1 | GI43: 1 | GJ43: 1 | GK43: 1 | GL43: 1 | GM43: 1 | GN43: 1 | GO43: 1 | GP43: 1 | GQ43: 1 | GR43: 1 | GS43: 1 | GT43: 1 | GU43: 1 | GV43: 1 | GW43: 1 | GX43: 1 | GY43: 1 | GZ43: 1 | HA43: 1 | HB43: 1 | HC43: 1 | HD43: 1 | HE43: 1 | HF43: 1 | HG43: 1 | HH43: 1 | HI43: 1 | HJ43: 1 | HK43: 1 | HL43: 1 | HM43: 1 | HN43: 1 | HO43: 1 | HP43: 1 | HQ43: 1 | HR43: 1 | HS43: 1 | HT43: 1 | HU43: 1 | HV43: 1 | HW43: 1 | HX43: 1 | HY43: 1 | HZ43: 1 | IA43: 1 | IB43: 1 | IC43: 1 | ID43: 1 | IE43: 1 | IF43: 1 | IG43: 1 | IH43: 1 | II43: 1 | IJ43: 1 | IK43: 1 | IL43: 1 | IM43: 1 | IN43: 1 | IO43: 1 | IP43: 1 | IQ43: 1 | IR43: 1
A44: ЧМ (сырье) | B44: 4 | C44: Руды всякие | D44: 14111 | E44: Окатыши железорудные | F44: РУДЫ И КОНЦЕНТРАТЫ ЖЕЛЕЗН | G44: СВР | H44: СКВ | I44: КАЧКАНАР | J44: НОВОРОСС-ЭКС | K44: 3329 | L44: Полувагоны | M44: Экспорт | N44: вагонная | O44: Южное | P44: '000000186938 | Q44: 'АО "ЕВРАЗ КГОК" | R44: ООО "ЕвразХолдинг" | S44: 113151 | T44: 376707164 | U44: 1575 | V44: 0 | W44: 148594135 | X44: 69 | Y44: маршрутная | Z44: 8 | AA44: 8 | AB44: 4 | AC44: 1458.97 | AD44: =AE44-AC44 | AE44: 2192.1 | AF44: =(Z44+AA44+AB44)*'Ставки аренды'!$B$3/X44 | AG44: ='Ставки перевалки'!$B$13 | AH44: 0 | AI44: =0.71*AVERAGE(AJ43,AJ44) | AJ44: =Цены!D13 | AK44: =AJ44/Цены!$B$1 | AL44: =AE44+AF44+AG44 | AM44: =AJ44-AL44 | AN44: =AI44+AH44+AG44+AF44+AE44 | AO44: =(AJ44-AN44)/AJ44 | AP44: =AL44/AJ44 | AQ44: =AE44/AJ44 | AR44: =AE44/AL44 | AS44: 1 | AT44: =S44*AS44 | AU44: 0.85 | AV44: =(AJ44-(AE44*(1+$IS$2)+AF44+AG44+AH44+AI44))/AJ44 | AW44: =(AE44*(1+$IS$2)+AF44+AG44)/AJ44 | AX44: =(AE44*(1+$IS$2))/AJ44 | AY44: =(AE44*(1+$IS$2))/(AE44*(1+$IS$2)+AF44+AG44) | AZ44: =MIN(IF($AU44=100%,1,1+VLOOKUP(($AJ44-$AI44-$AH44-$AG44-$AF44-$AE44*(1+AZ$3))/$AJ44,'Технический лист'!$M:$N,2,1)-VLOOKUP($AO44,'Технический лист'!$M:$N,2,1)),1+(1-$AU44)) | BA44: =MIN(IF($AU44=100%,1,1+VLOOKUP(($AJ44-$AI44-$AH44-$AG44-$AF44-$AE44*(1+BA$3))/$AJ44,'Технический лист'!$M:$N,2,1)-VLOOKUP($AO44,'Технический лист'!$M:$N,2,1)),1+(1-$AU44)) | BB44: =MIN(IF($AU44=100%,1,1+VLOOKUP(($AJ44-$AI44-$AH44-$AG44-$AF44-$AE44*(1+BB$3))/$AJ44,'Технический лист'!$M:$N,2,1)-VLOOKUP($AO44,'Технический лист'!$M:$N,2,1)),1+(1-$AU44)) | BC44: =MIN(IF($AU44=100%,1,1+VLOOKUP(($AJ44-$AI44-$AH44-$AG44-$AF44-$AE44*(1+BC$3))/$AJ44,'Технический лист'!$M:$N,2,1)-VLOOKUP($AO44,'Технический лист'!$M:$N,2,1)),1+(1-$AU44)) | BD44: =MIN(IF($AU44=100%,1,1+VLOOKUP(($AJ44-$AI44-$AH44-$AG44-$AF44-$AE44*(1+BD$3))/$AJ44,'Технический лист'!$M:$N,2,1)-VLOOKUP($AO44,'Технический лист'!$M:$N,2,1)),1+(1-$AU44)) | BE44: =MIN(IF($AU44=100%,1,1+VLOOKUP(($AJ44-$AI44-$AH44-$AG44-$AF44-$AE44*(1+BE$3))/$AJ44,'Технический лист'!$M:$N,2,1)-VLOOKUP($AO44,'Технический лист'!$M:$N,2,1)),1+(1-$AU44)) | BF44: =MIN(IF($AU44=100%,1,1+VLOOKUP(($AJ44-$AI44-$AH44-$AG44-$AF44-$AE44*(1+BF$3))/$AJ44,'Технический лист'!$M:$N,2,1)-VLOOKUP($AO44,'Технический лист'!$M:$N,2,1)),1+(1-$AU44)) | BG44: =MIN(IF($AU44=100%,1,1+VLOOKUP(($AJ44-$AI44-$AH44-$AG44-$AF44-$AE44*(1+BG$3))/$AJ44,'Технический лист'!$M:$N,2,1)-VLOOKUP($AO44,'Технический лист'!$M:$N,2,1)),1+(1-$AU44)) | ... EU44: =MIN(IF($AU44=100%,1,1+VLOOKUP(($AJ44-$AI44-$AH44-$AG44-$AF44-$AE44*(1+EU$3))/$AJ44,'Технический лист'!$M:$N,2,1)-VLOOKUP($AO44,'Технический лист'!$M:$N,2,1)),1+(1-$AU44)) | EV44: 1 | EW44: =MIN(1,MAX(VLOOKUP(($AJ44-$AI44-$AH44-$AG44-$AF44-$AE44*(1+EW$3))/$AJ44,'Технический лист'!$M:$N,2,1),(EV44-0.05))) | EX44: =MIN(1,MAX(VLOOKUP(($AJ44-$AI44-$AH44-$AG44-$AF44-$AE44*(1+EX$3))/$AJ44,'Технический лист'!$M:$N,2,1),(EW44-0.05))) | EY44: =MIN(1,MAX(VLOOKUP(($AJ44-$AI44-$AH44-$AG44-$AF44-$AE44*(1+EY$3))/$AJ44,'Технический лист'!$M:$N,2,1),(EX44-0.05))) | EZ44: =MIN(1,MAX(VLOOKUP(($AJ44-$AI44-$AH44-$AG44-$AF44-$AE44*(1+EZ$3))/$AJ44,'Технический лист'!$M:$N,2,1),(EY44-0.05))) | FA44: =MIN(1,MAX(VLOOKUP(($AJ44-$AI44-$AH44-$AG44-$AF44-$AE44*(1+FA$3))/$AJ44,'Технический лист'!$M:$N,2,1),(EZ44-0.05))) | FB44: =MIN(1,MAX(VLOOKUP(($AJ44-$AI44-$AH44-$AG44-$AF44-$AE44*(1+FB$3))/$AJ44,'Технический лист'!$M:$N,2,1),(FA44-0.05))) | FC44: =MIN(1,MAX(VLOOKUP(($AJ44-$AI44-$AH44-$AG44-$AF44-$AE44*(1+FC$3))/$AJ44,'Технический лист'!$M:$N,2,1),(FB44-0.05))) | FD44: =MIN(1,MAX(VLOOKUP(($AJ44-$AI44-$AH44-$AG44-$AF44-$AE44*(1+FD$3))/$AJ44,'Технический лист'!$M:$N,2,1),(FC44-0.05))) | ... IR44: =MIN(1,MAX(VLOOKUP(($AJ44-$AI44-$AH44-$AG44-$AF44-$AE44*(1+IR$3))/$AJ44,'Технический лист'!$M:$N,2,1),(IQ44-0.05)))
A45: ЧМ (сырье) | B45: 4 | C45: Руды всякие | D45: 14111 | E45: Окатыши железорудные | F45: РУДЫ И КОНЦЕНТРАТЫ ЖЕЛЕЗН | G45: СВР | H45: ДВС | I45: СМЫЧКА | J45: ГРОДЕК/КИТАЙ | K45: 7622 | L45: Полувагоны | M45: Экспорт | N45: вагонная | O45: Восточное | P45: '000080294056 | Q45: ООО "ЕвразХолдинг" | R45: ООО "ЕвразХолдинг" | S45: 8852 | T45: 67464773 | U45: 128 | V45: 0 | W45: 30131920 | X45: 69 | Y45: групповая | Z45: 21 | AA45: 15 | AB45: 4 | AC45: 3813.36 | AD45: =AE45-AC45 | AE45: 4960.04 | AF45: =(Z45+AA45+AB45)*'Ставки аренды'!$B$3/X45 | AG45: 0 | AH45: 0 | AI45: =0.71*AVERAGE(AJ43,AJ44) | AJ45: =Цены!D13 | AK45: =AJ45/Цены!$B$1 | AL45: =AE45+AF45+AG45 | AM45: =AJ45-AL45 | AN45: =AI45+AH45+AG45+AF45+AE45 | AO45: =(AJ45-AN45)/AJ45 | AP45: =AL45/AJ45 | AQ45: =AE45/AJ45 | AR45: =AE45/AL45 | AS45: 1 | AT45: =S45*AS45 | AU45: 0.85 | AV45: =(AJ45-(AE45*(1+$IS$2)+AF45+AG45+AH45+AI45))/AJ45 | AW45: =(AE45*(1+$IS$2)+AF45+AG45)/AJ45 | AX45: =(AE45*(1+$IS$2))/AJ45 | AY45: =(AE45*(1+$IS$2))/(AE45*(1+$IS$2)+AF45+AG45) | AZ45: =MIN(IF($AU45=100%,1,1+VLOOKUP(($AJ45-$AI45-$AH45-$AG45-$AF45-$AE45*(1+AZ$3))/$AJ45,'Технический лист'!$M:$N,2,1)-VLOOKUP($AO45,'Технический лист'!$M:$N,2,1)),1+(1-$AU45)) | BA45: =MIN(IF($AU45=100%,1,1+VLOOKUP(($AJ45-$AI45-$AH45-$AG45-$AF45-$AE45*(1+BA$3))/$AJ45,'Технический лист'!$M:$N,2,1)-VLOOKUP($AO45,'Технический лист'!$M:$N,2,1)),1+(1-$AU45)) | BB45: =MIN(IF($AU45=100%,1,1+VLOOKUP(($AJ45-$AI45-$AH45-$AG45-$AF45-$AE45*(1+BB$3))/$AJ45,'Технический лист'!$M:$N,2,1)-VLOOKUP($AO45,'Технический лист'!$M:$N,2,1)),1+(1-$AU45)) | BC45: =MIN(IF($AU45=100%,1,1+VLOOKUP(($AJ45-$AI45-$AH45-$AG45-$AF45-$AE45*(1+BC$3))/$AJ45,'Технический лист'!$M:$N,2,1)-VLOOKUP($AO45,'Технический лист'!$M:$N,2,1)),1+(1-$AU45)) | BD45: =MIN(IF($AU45=100%,1,1+VLOOKUP(($AJ45-$AI45-$AH45-$AG45-$AF45-$AE45*(1+BD$3))/$AJ45,'Технический лист'!$M:$N,2,1)-VLOOKUP($AO45,'Технический лист'!$M:$N,2,1)),1+(1-$AU45)) | BE45: =MIN(IF($AU45=100%,1,1+VLOOKUP(($AJ45-$AI45-$AH45-$AG45-$AF45-$AE45*(1+BE$3))/$AJ45,'Технический лист'!$M:$N,2,1)-VLOOKUP($AO45,'Технический лист'!$M:$N,2,1)),1+(1-$AU45)) | BF45: =MIN(IF($AU45=100%,1,1+VLOOKUP(($AJ45-$AI45-$AH45-$AG45-$AF45-$AE45*(1+BF$3))/$AJ45,'Технический лист'!$M:$N,2,1)-VLOOKUP($AO45,'Технический лист'!$M:$N,2,1)),1+(1-$AU45)) | BG45: =MIN(IF($AU45=100%,1,1+VLOOKUP(($AJ45-$AI45-$AH45-$AG45-$AF45-$AE45*(1+BG$3))/$AJ45,'Технический лист'!$M:$N,2,1)-VLOOKUP($AO45,'Технический лист'!$M:$N,2,1)),1+(1-$AU45)) | ... EU45: =MIN(IF($AU45=100%,1,1+VLOOKUP(($AJ45-$AI45-$AH45-$AG45-$AF45-$AE45*(1+EU$3))/$AJ45,'Технический лист'!$M:$N,2,1)-VLOOKUP($AO45,'Технический лист'!$M:$N,2,1)),1+(1-$AU45)) | EV45: 1 | EW45: =MIN(1,MAX(VLOOKUP(($AJ45-$AI45-$AH45-$AG45-$AF45-$AE45*(1+EW$3))/$AJ45,'Технический лист'!$M:$N,2,1),(EV45-0.05))) | EX45: =MIN(1,MAX(VLOOKUP(($AJ45-$AI45-$AH45-$AG45-$AF45-$AE45*(1+EX$3))/$AJ45,'Технический лист'!$M:$N,2,1),(EW45-0.05))) | EY45: =MIN(1,MAX(VLOOKUP(($AJ45-$AI45-$AH45-$AG45-$AF45-$AE45*(1+EY$3))/$AJ45,'Технический лист'!$M:$N,2,1),(EX45-0.05))) | EZ45: =MIN(1,MAX(VLOOKUP(($AJ45-$AI45-$AH45-$AG45-$AF45-$AE45*(1+EZ$3))/$AJ45,'Технический лист'!$M:$N,2,1),(EY45-0.05))) | FA45: =MIN(1,MAX(VLOOKUP(($AJ45-$AI45-$AH45-$AG45-$AF45-$AE45*(1+FA$3))/$AJ45,'Технический лист'!$M:$N,2,1),(EZ45-0.05))) | FB45: =MIN(1,MAX(VLOOKUP(($AJ45-$AI45-$AH45-$AG45-$AF45-$AE45*(1+FB$3))/$AJ45,'Технический лист'!$M:$N,2,1),(FA45-0.05))) | FC45: =MIN(1,MAX(VLOOKUP(($AJ45-$AI45-$AH45-$AG45-$AF45-$AE45*(1+FC$3))/$AJ45,'Технический лист'!$M:$N,2,1),(FB45-0.05))) | FD45: =MIN(1,MAX(VLOOKUP(($AJ45-$AI45-$AH45-$AG45-$AF45-$AE45*(1+FD$3))/$AJ45,'Технический лист'!$M:$N,2,1),(FC45-0.05))) | ... IR45: =MIN(1,MAX(VLOOKUP(($AJ45-$AI45-$AH45-$AG45-$AF45-$AE45*(1+IR$3))/$AJ45,'Технический лист'!$M:$N,2,1),(IQ45-0.05)))
A46: ЧМ (сырье) | B46: 4 | C46: Руды всякие | D46: 14111 | E46: Окатыши железорудные | F46: РУДЫ И КОНЦЕНТРАТЫ ЖЕЛЕЗН | G46: СВР | H46: СЕВ | I46: КАЧКАНАР | J46: КОШТА | K46: 2431 | L46: Полувагоны | M46: Внутр. перевозки | N46: вагонная | O46: Северо-Западное | P46: '000000186938 | Q46: 'АО "ЕВРАЗ КГОК" | R46: ООО "ЕвразХолдинг" | S46: 4479 | T46: 10889078 | U46: 63 | V46: 0 | W46: 3850806 | X46: 75 | Y46: маршрутная | Z46: 5 | AA46: 5 | AB46: 4 | AC46: 889.52 | AD46: =AE46-AC46 | AE46: 1383.73 | AF46: =(Z46+AA46+AB46)*'Ставки аренды'!$B$2/X46 | AG46: 0 | AH46: 0 | AI46: =0.71*AVERAGE(AJ43,AJ44) | AJ46: =Цены!$D$12 | AK46: =AJ46/Цены!$B$1 | AL46: =AE46+AF46+AG46 | AM46: =AJ46-AL46 | AN46: =AI46+AH46+AG46+AF46+AE46 | AO46: =(AJ46-AN46)/AJ46 | AP46: =AL46/AJ46 | AQ46: =AE46/AJ46 | AR46: =AE46/AL46 | AS46: 1 | AT46: =S46*AS46 | AU46: 0.85 | AV46: =(AJ46-(AE46*(1+$IS$2)+AF46+AG46+AH46+AI46))/AJ46 | AW46: =(AE46*(1+$IS$2)+AF46+AG46)/AJ46 | AX46: =(AE46*(1+$IS$2))/AJ46 | AY46: =(AE46*(1+$IS$2))/(AE46*(1+$IS$2)+AF46+AG46) | AZ46: =MIN(IF($AU46=100%,1,1+VLOOKUP(($AJ46-$AI46-$AH46-$AG46-$AF46-$AE46*(1+AZ$3))/$AJ46,'Технический лист'!$M:$N,2,1)-VLOOKUP($AO46,'Технический лист'!$M:$N,2,1)),1+(1-$AU46)) | BA46: =MIN(IF($AU46=100%,1,1+VLOOKUP(($AJ46-$AI46-$AH46-$AG46-$AF46-$AE46*(1+BA$3))/$AJ46,'Технический лист'!$M:$N,2,1)-VLOOKUP($AO46,'Технический лист'!$M:$N,2,1)),1+(1-$AU46)) | BB46: =MIN(IF($AU46=100%,1,1+VLOOKUP(($AJ46-$AI46-$AH46-$AG46-$AF46-$AE46*(1+BB$3))/$AJ46,'Технический лист'!$M:$N,2,1)-VLOOKUP($AO46,'Технический лист'!$M:$N,2,1)),1+(1-$AU46)) | BC46: =MIN(IF($AU46=100%,1,1+VLOOKUP(($AJ46-$AI46-$AH46-$AG46-$AF46-$AE46*(1+BC$3))/$AJ46,'Технический лист'!$M:$N,2,1)-VLOOKUP($AO46,'Технический лист'!$M:$N,2,1)),1+(1-$AU46)) | BD46: =MIN(IF($AU46=100%,1,1+VLOOKUP(($AJ46-$AI46-$AH46-$AG46-$AF46-$AE46*(1+BD$3))/$AJ46,'Технический лист'!$M:$N,2,1)-VLOOKUP($AO46,'Технический лист'!$M:$N,2,1)),1+(1-$AU46)) | BE46: =MIN(IF($AU46=100%,1,1+VLOOKUP(($AJ46-$AI46-$AH46-$AG46-$AF46-$AE46*(1+BE$3))/$AJ46,'Технический лист'!$M:$N,2,1)-VLOOKUP($AO46,'Технический лист'!$M:$N,2,1)),1+(1-$AU46)) | BF46: =MIN(IF($AU46=100%,1,1+VLOOKUP(($AJ46-$AI46-$AH46-$AG46-$AF46-$AE46*(1+BF$3))/$AJ46,'Технический лист'!$M:$N,2,1)-VLOOKUP($AO46,'Технический лист'!$M:$N,2,1)),1+(1-$AU46)) | BG46: =MIN(IF($AU46=100%,1,1+VLOOKUP(($AJ46-$AI46-$AH46-$AG46-$AF46-$AE46*(1+BG$3))/$AJ46,'Технический лист'!$M:$N,2,1)-VLOOKUP($AO46,'Технический лист'!$M:$N,2,1)),1+(1-$AU46)) | ... EU46: =MIN(IF($AU46=100%,1,1+VLOOKUP(($AJ46-$AI46-$AH46-$AG46-$AF46-$AE46*(1+EU$3))/$AJ46,'Технический лист'!$M:$N,2,1)-VLOOKUP($AO46,'Технический лист'!$M:$N,2,1)),1+(1-$AU46)) | EV46: 1 | EW46: =MIN(1,MAX(VLOOKUP(($AJ46-$AI46-$AH46-$AG46-$AF46-$AE46*(1+EW$3))/$AJ46,'Технический лист'!$M:$N,2,1),(EV46-0.05))) | EX46: =MIN(1,MAX(VLOOKUP(($AJ46-$AI46-$AH46-$AG46-$AF46-$AE46*(1+EX$3))/$AJ46,'Технический лист'!$M:$N,2,1),(EW46-0.05))) | EY46: =MIN(1,MAX(VLOOKUP(($AJ46-$AI46-$AH46-$AG46-$AF46-$AE46*(1+EY$3))/$AJ46,'Технический лист'!$M:$N,2,1),(EX46-0.05))) | EZ46: =MIN(1,MAX(VLOOKUP(($AJ46-$AI46-$AH46-$AG46-$AF46-$AE46*(1+EZ$3))/$AJ46,'Технический лист'!$M:$N,2,1),(EY46-0.05))) | FA46: =MIN(1,MAX(VLOOKUP(($AJ46-$AI46-$AH46-$AG46-$AF46-$AE46*(1+FA$3))/$AJ46,'Технический лист'!$M:$N,2,1),(EZ46-0.05))) | FB46: =MIN(1,MAX(VLOOKUP(($AJ46-$AI46-$AH46-$AG46-$AF46-$AE46*(1+FB$3))/$AJ46,'Технический лист'!$M:$N,2,1),(FA46-0.05))) | FC46: =MIN(1,MAX(VLOOKUP(($AJ46-$AI46-$AH46-$AG46-$AF46-$AE46*(1+FC$3))/$AJ46,'Технический лист'!$M:$N,2,1),(FB46-0.05))) | FD46: =MIN(1,MAX(VLOOKUP(($AJ46-$AI46-$AH46-$AG46-$AF46-$AE46*(1+FD$3))/$AJ46,'Технический лист'!$M:$N,2,1),(FC46-0.05))) | ... IR46: =MIN(1,MAX(VLOOKUP(($AJ46-$AI46-$AH46-$AG46-$AF46-$AE46*(1+IR$3))/$AJ46,'Технический лист'!$M:$N,2,1),(IQ46-0.05)))
A47: ЧМ (сырье) | B47: 4 | C47: Руды всякие | D47: 14109 | E47: Концентрат железорудный (гематит) | F47: РУДЫ И КОНЦЕНТРАТЫ ЖЕЛЕЗН | G47: КРС | H47: ЗСБ | I47: АБАЗА | J47: НОВОКУЗ.-ВОС | K47: 351 | L47: Полувагоны | M47: Внутр. перевозки | N47: вагонная | O47: Южное | P47: '000026656063 | Q47: 'ООО "Абаканский рудник" | R47: ООО "Руда Хакасии" | S47: 1010762 | T47: 354778428 | U47: 14102 | V47: 0 | W47: 365713490 | X47: 72 | Y47: маршрутная | Z47: 3 | AA47: 3 | AB47: 4 | AC47: 389.96 | AD47: =AE47-AC47 | AE47: 529.14 | AF47: =(Z47+AA47+AB47)*'Ставки аренды'!$B$2/X47 | AG47: 0 | AH47: 0 | AI47: =1399324/1056947*AJ47 | AJ47: =Цены!$D$14 | AK47: =AJ47/Цены!$B$1 | AL47: =AE47+AF47+AG47 | AM47: =AJ47-AL47 | AN47: =AI47+AH47+AG47+AF47+AE47 | AO47: =(AJ47-AN47)/AJ47 | AP47: =AL47/AJ47 | AQ47: =AE47/AJ47 | AR47: =AE47/AL47 | AS47: 1 | AT47: =S47*AS47 | AU47: 0.5 | AV47: =(AJ47-(AE47*(1+$IS$2)+AF47+AG47+AH47+AI47))/AJ47 | AW47: =(AE47*(1+$IS$2)+AF47+AG47)/AJ47 | AX47: =(AE47*(1+$IS$2))/AJ47 | AY47: =(AE47*(1+$IS$2))/(AE47*(1+$IS$2)+AF47+AG47) | AZ47: =MIN(IF($AU47=100%,1,1+VLOOKUP(($AJ47-$AI47-$AH47-$AG47-$AF47-$AE47*(1+AZ$3))/$AJ47,'Технический лист'!$M:$N,2,1)-VLOOKUP($AO47,'Технический лист'!$M:$N,2,1)),1+(1-$AU47)) | BA47: =MIN(IF($AU47=100%,1,1+VLOOKUP(($AJ47-$AI47-$AH47-$AG47-$AF47-$AE47*(1+BA$3))/$AJ47,'Технический лист'!$M:$N,2,1)-VLOOKUP($AO47,'Технический лист'!$M:$N,2,1)),1+(1-$AU47)) | BB47: =MIN(IF($AU47=100%,1,1+VLOOKUP(($AJ47-$AI47-$AH47-$AG47-$AF47-$AE47*(1+BB$3))/$AJ47,'Технический лист'!$M:$N,2,1)-VLOOKUP($AO47,'Технический лист'!$M:$N,2,1)),1+(1-$AU47)) | BC47: =MIN(IF($AU47=100%,1,1+VLOOKUP(($AJ47-$AI47-$AH47-$AG47-$AF47-$AE47*(1+BC$3))/$AJ47,'Технический лист'!$M:$N,2,1)-VLOOKUP($AO47,'Технический лист'!$M:$N,2,1)),1+(1-$AU47)) | BD47: =MIN(IF($AU47=100%,1,1+VLOOKUP(($AJ47-$AI47-$AH47-$AG47-$AF47-$AE47*(1+BD$3))/$AJ47,'Технический лист'!$M:$N,2,1)-VLOOKUP($AO47,'Технический лист'!$M:$N,2,1)),1+(1-$AU47)) | BE47: =MIN(IF($AU47=100%,1,1+VLOOKUP(($AJ47-$AI47-$AH47-$AG47-$AF47-$AE47*(1+BE$3))/$AJ47,'Технический лист'!$M:$N,2,1)-VLOOKUP($AO47,'Технический лист'!$M:$N,2,1)),1+(1-$AU47)) | BF47: =MIN(IF($AU47=100%,1,1+VLOOKUP(($AJ47-$AI47-$AH47-$AG47-$AF47-$AE47*(1+BF$3))/$AJ47,'Технический лист'!$M:$N,2,1)-VLOOKUP($AO47,'Технический лист'!$M:$N,2,1)),1+(1-$AU47)) | BG47: =MIN(IF($AU47=100%,1,1+VLOOKUP(($AJ47-$AI47-$AH47-$AG47-$AF47-$AE47*(1+BG$3))/$AJ47,'Технический лист'!$M:$N,2,1)-VLOOKUP($AO47,'Технический лист'!$M:$N,2,1)),1+(1-$AU47)) | ... EU47: =MIN(IF($AU47=100%,1,1+VLOOKUP(($AJ47-$AI47-$AH47-$AG47-$AF47-$AE47*(1+EU$3))/$AJ47,'Технический лист'!$M:$N,2,1)-VLOOKUP($AO47,'Технический лист'!$M:$N,2,1)),1+(1-$AU47)) | EV47: 1 | EW47: =MIN(1,MAX(VLOOKUP(($AJ47-$AI47-$AH47-$AG47-$AF47-$AE47*(1+EW$3))/$AJ47,'Технический лист'!$M:$N,2,1),(EV47-0.05))) | EX47: =MIN(1,MAX(VLOOKUP(($AJ47-$AI47-$AH47-$AG47-$AF47-$AE47*(1+EX$3))/$AJ47,'Технический лист'!$M:$N,2,1),(EW47-0.05))) | EY47: =MIN(1,MAX(VLOOKUP(($AJ47-$AI47-$AH47-$AG47-$AF47-$AE47*(1+EY$3))/$AJ47,'Технический лист'!$M:$N,2,1),(EX47-0.05))) | EZ47: =MIN(1,MAX(VLOOKUP(($AJ47-$AI47-$AH47-$AG47-$AF47-$AE47*(1+EZ$3))/$AJ47,'Технический лист'!$M:$N,2,1),(EY47-0.05))) | FA47: =MIN(1,MAX(VLOOKUP(($AJ47-$AI47-$AH47-$AG47-$AF47-$AE47*(1+FA$3))/$AJ47,'Технический лист'!$M:$N,2,1),(EZ47-0.05))) | FB47: =MIN(1,MAX(VLOOKUP(($AJ47-$AI47-$AH47-$AG47-$AF47-$AE47*(1+FB$3))/$AJ47,'Технический лист'!$M:$N,2,1),(FA47-0.05))) | FC47: =MIN(1,MAX(VLOOKUP(($AJ47-$AI47-$AH47-$AG47-$AF47-$AE47*(1+FC$3))/$AJ47,'Технический лист'!$M:$N,2,1),(FB47-0.05))) | FD47: =MIN(1,MAX(VLOOKUP(($AJ47-$AI47-$AH47-$AG47-$AF47-$AE47*(1+FD$3))/$AJ47,'Технический лист'!$M:$N,2,1),(FC47-0.05))) | ... IR47: =MIN(1,MAX(VLOOKUP(($AJ47-$AI47-$AH47-$AG47-$AF47-$AE47*(1+IR$3))/$AJ47,'Технический лист'!$M:$N,2,1),(IQ47-0.05)))
A48: ЧМ (сырье) | B48: 4 | C48: Руды всякие | D48: 14111 | E48: Окатыши железорудные | F48: РУДЫ И КОНЦЕНТРАТЫ ЖЕЛЕЗН | G48: МСК | H48: ЮУР | I48: КУРБАКИНСКАЯ | J48: КУЙБАС | K48: 2425 | L48: Полувагоны | M48: Внутр. перевозки | N48: вагонная | O48: Южное | P48: '000000186849 | Q48: 'АО "Михайловский ГОК" | R48: ООО УК "Металлоинвест" | S48: 3861980 | T48: 9365943330 | U48: 55344 | V48: 0 | W48: 4059658250 | X48: 69 | Y48: маршрутная | Z48: 6 | AA48: 6 | AB48: 4 | AC48: 1168.64 | AD48: =AE48-AC48 | AE48: 1795.51 | AF48: =(Z48+AA48+AB48)*'Ставки аренды'!$B$3/X48 | AG48: 0 | AH48: 0 | AI48: =240828/411356*AVERAGE(AJ48,AJ49) | AJ48: =Цены!$D$12 | AK48: =AJ48/Цены!$B$1 | AL48: =AE48+AF48+AG48 | AM48: =AJ48-AL48 | AN48: =AI48+AH48+AG48+AF48+AE48 | AO48: =(AJ48-AN48)/AJ48 | AP48: =AL48/AJ48 | AQ48: =AE48/AJ48 | AR48: =AE48/AL48 | AS48: 1 | AT48: =S48*AS48 | AU48: 0.9 | AV48: =(AJ48-(AE48*(1+$IS$2)+AF48+AG48+AH48+AI48))/AJ48 | AW48: =(AE48*(1+$IS$2)+AF48+AG48)/AJ48 | AX48: =(AE48*(1+$IS$2))/AJ48 | AY48: =(AE48*(1+$IS$2))/(AE48*(1+$IS$2)+AF48+AG48) | AZ48: =MIN(IF($AU48=100%,1,1+VLOOKUP(($AJ48-$AI48-$AH48-$AG48-$AF48-$AE48*(1+AZ$3))/$AJ48,'Технический лист'!$M:$N,2,1)-VLOOKUP($AO48,'Технический лист'!$M:$N,2,1)),1+(1-$AU48)) | BA48: =MIN(IF($AU48=100%,1,1+VLOOKUP(($AJ48-$AI48-$AH48-$AG48-$AF48-$AE48*(1+BA$3))/$AJ48,'Технический лист'!$M:$N,2,1)-VLOOKUP($AO48,'Технический лист'!$M:$N,2,1)),1+(1-$AU48)) | BB48: =MIN(IF($AU48=100%,1,1+VLOOKUP(($AJ48-$AI48-$AH48-$AG48-$AF48-$AE48*(1+BB$3))/$AJ48,'Технический лист'!$M:$N,2,1)-VLOOKUP($AO48,'Технический лист'!$M:$N,2,1)),1+(1-$AU48)) | BC48: =MIN(IF($AU48=100%,1,1+VLOOKUP(($AJ48-$AI48-$AH48-$AG48-$AF48-$AE48*(1+BC$3))/$AJ48,'Технический лист'!$M:$N,2,1)-VLOOKUP($AO48,'Технический лист'!$M:$N,2,1)),1+(1-$AU48)) | BD48: =MIN(IF($AU48=100%,1,1+VLOOKUP(($AJ48-$AI48-$AH48-$AG48-$AF48-$AE48*(1+BD$3))/$AJ48,'Технический лист'!$M:$N,2,1)-VLOOKUP($AO48,'Технический лист'!$M:$N,2,1)),1+(1-$AU48)) | BE48: =MIN(IF($AU48=100%,1,1+VLOOKUP(($AJ48-$AI48-$AH48-$AG48-$AF48-$AE48*(1+BE$3))/$AJ48,'Технический лист'!$M:$N,2,1)-VLOOKUP($AO48,'Технический лист'!$M:$N,2,1)),1+(1-$AU48)) | BF48: =MIN(IF($AU48=100%,1,1+VLOOKUP(($AJ48-$AI48-$AH48-$AG48-$AF48-$AE48*(1+BF$3))/$AJ48,'Технический лист'!$M:$N,2,1)-VLOOKUP($AO48,'Технический лист'!$M:$N,2,1)),1+(1-$AU48)) | BG48: =MIN(IF($AU48=100%,1,1+VLOOKUP(($AJ48-$AI48-$AH48-$AG48-$AF48-$AE48*(1+BG$3))/$AJ48,'Технический лист'!$M:$N,2,1)-VLOOKUP($AO48,'Технический лист'!$M:$N,2,1)),1+(1-$AU48)) | ... EU48: =MIN(IF($AU48=100%,1,1+VLOOKUP(($AJ48-$AI48-$AH48-$AG48-$AF48-$AE48*(1+EU$3))/$AJ48,'Технический лист'!$M:$N,2,1)-VLOOKUP($AO48,'Технический лист'!$M:$N,2,1)),1+(1-$AU48)) | EV48: 1 | EW48: =MIN(1,MAX(VLOOKUP(($AJ48-$AI48-$AH48-$AG48-$AF48-$AE48*(1+EW$3))/$AJ48,'Технический лист'!$M:$N,2,1),(EV48-0.05))) | EX48: =MIN(1,MAX(VLOOKUP(($AJ48-$AI48-$AH48-$AG48-$AF48-$AE48*(1+EX$3))/$AJ48,'Технический лист'!$M:$N,2,1),(EW48-0.05))) | EY48: =MIN(1,MAX(VLOOKUP(($AJ48-$AI48-$AH48-$AG48-$AF48-$AE48*(1+EY$3))/$AJ48,'Технический лист'!$M:$N,2,1),(EX48-0.05))) | EZ48: =MIN(1,MAX(VLOOKUP(($AJ48-$AI48-$AH48-$AG48-$AF48-$AE48*(1+EZ$3))/$AJ48,'Технический лист'!$M:$N,2,1),(EY48-0.05))) | FA48: =MIN(1,MAX(VLOOKUP(($AJ48-$AI48-$AH48-$AG48-$AF48-$AE48*(1+FA$3))/$AJ48,'Технический лист'!$M:$N,2,1),(EZ48-0.05))) | FB48: =MIN(1,MAX(VLOOKUP(($AJ48-$AI48-$AH48-$AG48-$AF48-$AE48*(1+FB$3))/$AJ48,'Технический лист'!$M:$N,2,1),(FA48-0.05))) | FC48: =MIN(1,MAX(VLOOKUP(($AJ48-$AI48-$AH48-$AG48-$AF48-$AE48*(1+FC$3))/$AJ48,'Технический лист'!$M:$N,2,1),(FB48-0.05))) | FD48: =MIN(1,MAX(VLOOKUP(($AJ48-$AI48-$AH48-$AG48-$AF48-$AE48*(1+FD$3))/$AJ48,'Технический лист'!$M:$N,2,1),(FC48-0.05))) | ... IR48: =MIN(1,MAX(VLOOKUP(($AJ48-$AI48-$AH48-$AG48-$AF48-$AE48*(1+IR$3))/$AJ48,'Технический лист'!$M:$N,2,1),(IQ48-0.05)))
A49: ЧМ (сырье) | B49: 4 | C49: Руды всякие | D49: 14103 | E49: Брикеты железной руды | F49: РУДЫ И КОНЦЕНТРАТЫ ЖЕЛЕЗН | G49: ЮВС | H49: СКВ | I49: СТОЙЛЕНСКАЯ | J49: НОВОРОСС-ЭКС | K49: 1250 | L49: Полувагоны | M49: Экспорт | N49: вагонная | O49: Южное | P49: '000077263371 | Q49: ООО УК "Металлоинвест" | R49: ООО УК "Металлоинвест" | S49: 2398601 | T49: 2998452829 | U49: 34364 | V49: 0 | W49: 2010159452 | X49: 69 | Y49: маршрутная | Z49: 5 | AA49: 5 | AB49: 4 | AC49: 924.55 | AD49: =AE49-AC49 | AE49: 1407.25 | AF49: =(Z49+AA49+AB49)*'Ставки аренды'!$B$3/X49 | AG49: ='Ставки перевалки'!$B$13 | AH49: 0 | AI49: =240828/411356*AVERAGE(AJ48,AJ49) | AJ49: =Цены!D13 | AK49: =AJ49/Цены!$B$1 | AL49: =AE49+AF49+AG49 | AM49: =AJ49-AL49 | AN49: =AI49+AH49+AG49+AF49+AE49 | AO49: =(AJ49-AN49)/AJ49 | AP49: =AL49/AJ49 | AQ49: =AE49/AJ49 | AR49: =AE49/AL49 | AS49: 1 | AT49: =S49*AS49 | AU49: 0.9 | AV49: =(AJ49-(AE49*(1+$IS$2)+AF49+AG49+AH49+AI49))/AJ49 | AW49: =(AE49*(1+$IS$2)+AF49+AG49)/AJ49 | AX49: =(AE49*(1+$IS$2))/AJ49 | AY49: =(AE49*(1+$IS$2))/(AE49*(1+$IS$2)+AF49+AG49) | AZ49: =MIN(IF($AU49=100%,1,1+VLOOKUP(($AJ49-$AI49-$AH49-$AG49-$AF49-$AE49*(1+AZ$3))/$AJ49,'Технический лист'!$M:$N,2,1)-VLOOKUP($AO49,'Технический лист'!$M:$N,2,1)),1+(1-$AU49)) | BA49: =MIN(IF($AU49=100%,1,1+VLOOKUP(($AJ49-$AI49-$AH49-$AG49-$AF49-$AE49*(1+BA$3))/$AJ49,'Технический лист'!$M:$N,2,1)-VLOOKUP($AO49,'Технический лист'!$M:$N,2,1)),1+(1-$AU49)) | BB49: =MIN(IF($AU49=100%,1,1+VLOOKUP(($AJ49-$AI49-$AH49-$AG49-$AF49-$AE49*(1+BB$3))/$AJ49,'Технический лист'!$M:$N,2,1)-VLOOKUP($AO49,'Технический лист'!$M:$N,2,1)),1+(1-$AU49)) | BC49: =MIN(IF($AU49=100%,1,1+VLOOKUP(($AJ49-$AI49-$AH49-$AG49-$AF49-$AE49*(1+BC$3))/$AJ49,'Технический лист'!$M:$N,2,1)-VLOOKUP($AO49,'Технический лист'!$M:$N,2,1)),1+(1-$AU49)) | BD49: =MIN(IF($AU49=100%,1,1+VLOOKUP(($AJ49-$AI49-$AH49-$AG49-$AF49-$AE49*(1+BD$3))/$AJ49,'Технический лист'!$M:$N,2,1)-VLOOKUP($AO49,'Технический лист'!$M:$N,2,1)),1+(1-$AU49)) | BE49: =MIN(IF($AU49=100%,1,1+VLOOKUP(($AJ49-$AI49-$AH49-$AG49-$AF49-$AE49*(1+BE$3))/$AJ49,'Технический лист'!$M:$N,2,1)-VLOOKUP($AO49,'Технический лист'!$M:$N,2,1)),1+(1-$AU49)) | BF49: =MIN(IF($AU49=100%,1,1+VLOOKUP(($AJ49-$AI49-$AH49-$AG49-$AF49-$AE49*(1+BF$3))/$AJ49,'Технический лист'!$M:$N,2,1)-VLOOKUP($AO49,'Технический лист'!$M:$N,2,1)),1+(1-$AU49)) | BG49: =MIN(IF($AU49=100%,1,1+VLOOKUP(($AJ49-$AI49-$AH49-$AG49-$AF49-$AE49*(1+BG$3))/$AJ49,'Технический лист'!$M:$N,2,1)-VLOOKUP($AO49,'Технический лист'!$M:$N,2,1)),1+(1-$AU49)) | ... EU49: =MIN(IF($AU49=100%,1,1+VLOOKUP(($AJ49-$AI49-$AH49-$AG49-$AF49-$AE49*(1+EU$3))/$AJ49,'Технический лист'!$M:$N,2,1)-VLOOKUP($AO49,'Технический лист'!$M:$N,2,1)),1+(1-$AU49)) | EV49: 1 | EW49: =MIN(1,MAX(VLOOKUP(($AJ49-$AI49-$AH49-$AG49-$AF49-$AE49*(1+EW$3))/$AJ49,'Технический лист'!$M:$N,2,1),(EV49-0.05))) | EX49: =MIN(1,MAX(VLOOKUP(($AJ49-$AI49-$AH49-$AG49-$AF49-$AE49*(1+EX$3))/$AJ49,'Технический лист'!$M:$N,2,1),(EW49-0.05))) | EY49: =MIN(1,MAX(VLOOKUP(($AJ49-$AI49-$AH49-$AG49-$AF49-$AE49*(1+EY$3))/$AJ49,'Технический лист'!$M:$N,2,1),(EX49-0.05))) | EZ49: =MIN(1,MAX(VLOOKUP(($AJ49-$AI49-$AH49-$AG49-$AF49-$AE49*(1+EZ$3))/$AJ49,'Технический лист'!$M:$N,2,1),(EY49-0.05))) | FA49: =MIN(1,MAX(VLOOKUP(($AJ49-$AI49-$AH49-$AG49-$AF49-$AE49*(1+FA$3))/$AJ49,'Технический лист'!$M:$N,2,1),(EZ49-0.05))) | FB49: =MIN(1,MAX(VLOOKUP(($AJ49-$AI49-$AH49-$AG49-$AF49-$AE49*(1+FB$3))/$AJ49,'Технический лист'!$M:$N,2,1),(FA49-0.05))) | FC49: =MIN(1,MAX(VLOOKUP(($AJ49-$AI49-$AH49-$AG49-$AF49-$AE49*(1+FC$3))/$AJ49,'Технический лист'!$M:$N,2,1),(FB49-0.05))) | FD49: =MIN(1,MAX(VLOOKUP(($AJ49-$AI49-$AH49-$AG49-$AF49-$AE49*(1+FD$3))/$AJ49,'Технический лист'!$M:$N,2,1),(FC49-0.05))) | ... IR49: =MIN(1,MAX(VLOOKUP(($AJ49-$AI49-$AH49-$AG49-$AF49-$AE49*(1+IR$3))/$AJ49,'Технический лист'!$M:$N,2,1),(IQ49-0.05)))
A50: ЧМ (сырье) | B50: 4 | C50: Руды всякие | D50: 14111 | E50: Окатыши железорудные | F50: РУДЫ И КОНЦЕНТРАТЫ ЖЕЛЕЗН | G50: МСК | H50: ЗАБ | I50: КУРБАКИНСКАЯ | J50: ЗАБАЙКАЛ ЭК | K50: 6990 | L50: Полувагоны | M50: Экспорт | N50: вагонная | O50: Восточное | P50: '000077263371 | Q50: ООО УК "Металлоинвест" | R50: ООО УК "Металлоинвест" | S50: 917674 | T50: 6414426751 | U50: 13269 | V50: 0 | W50: 2845887037 | X50: 69 | Y50: маршрутная | Z50: 15 | AA50: 15 | AB50: 4 | AC50: 3423.88 | AD50: =AE50-AC50 | AE50: 4796.72 | AF50: =(Z50+AA50+AB50)*'Ставки аренды'!$B$3/X50 | AG50: 0 | AH50: 0 | AI50: =240828/411356*AVERAGE(AJ48,AJ49) | AJ50: =Цены!D13 | AK50: =AJ50/Цены!$B$1 | AL50: =AE50+AF50+AG50 | AM50: =AJ50-AL50 | AN50: =AI50+AH50+AG50+AF50+AE50 | AO50: =(AJ50-AN50)/AJ50 | AP50: =AL50/AJ50 | AQ50: =AE50/AJ50 | AR50: =AE50/AL50 | AS50: 1 | AT50: =S50*AS50 | AU50: 0.9 | AV50: =(AJ50-(AE50*(1+$IS$2)+AF50+AG50+AH50+AI50))/AJ50 | AW50: =(AE50*(1+$IS$2)+AF50+AG50)/AJ50 | AX50: =(AE50*(1+$IS$2))/AJ50 | AY50: =(AE50*(1+$IS$2))/(AE50*(1+$IS$2)+AF50+AG50) | AZ50: =MIN(IF($AU50=100%,1,1+VLOOKUP(($AJ50-$AI50-$AH50-$AG50-$AF50-$AE50*(1+AZ$3))/$AJ50,'Технический лист'!$M:$N,2,1)-VLOOKUP($AO50,'Технический лист'!$M:$N,2,1)),1+(1-$AU50)) | BA50: =MIN(IF($AU50=100%,1,1+VLOOKUP(($AJ50-$AI50-$AH50-$AG50-$AF50-$AE50*(1+BA$3))/$AJ50,'Технический лист'!$M:$N,2,1)-VLOOKUP($AO50,'Технический лист'!$M:$N,2,1)),1+(1-$AU50)) | BB50: =MIN(IF($AU50=100%,1,1+VLOOKUP(($AJ50-$AI50-$AH50-$AG50-$AF50-$AE50*(1+BB$3))/$AJ50,'Технический лист'!$M:$N,2,1)-VLOOKUP($AO50,'Технический лист'!$M:$N,2,1)),1+(1-$AU50)) | BC50: =MIN(IF($AU50=100%,1,1+VLOOKUP(($AJ50-$AI50-$AH50-$AG50-$AF50-$AE50*(1+BC$3))/$AJ50,'Технический лист'!$M:$N,2,1)-VLOOKUP($AO50,'Технический лист'!$M:$N,2,1)),1+(1-$AU50)) | BD50: =MIN(IF($AU50=100%,1,1+VLOOKUP(($AJ50-$AI50-$AH50-$AG50-$AF50-$AE50*(1+BD$3))/$AJ50,'Технический лист'!$M:$N,2,1)-VLOOKUP($AO50,'Технический лист'!$M:$N,2,1)),1+(1-$AU50)) | BE50: =MIN(IF($AU50=100%,1,1+VLOOKUP(($AJ50-$AI50-$AH50-$AG50-$AF50-$AE50*(1+BE$3))/$AJ50,'Технический лист'!$M:$N,2,1)-VLOOKUP($AO50,'Технический лист'!$M:$N,2,1)),1+(1-$AU50)) | BF50: =MIN(IF($AU50=100%,1,1+VLOOKUP(($AJ50-$AI50-$AH50-$AG50-$AF50-$AE50*(1+BF$3))/$AJ50,'Технический лист'!$M:$N,2,1)-VLOOKUP($AO50,'Технический лист'!$M:$N,2,1)),1+(1-$AU50)) | BG50: =MIN(IF($AU50=100%,1,1+VLOOKUP(($AJ50-$AI50-$AH50-$AG50-$AF50-$AE50*(1+BG$3))/$AJ50,'Технический лист'!$M:$N,2,1)-VLOOKUP($AO50,'Технический лист'!$M:$N,2,1)),1+(1-$AU50)) | ... EU50: =MIN(IF($AU50=100%,1,1+VLOOKUP(($AJ50-$AI50-$AH50-$AG50-$AF50-$AE50*(1+EU$3))/$AJ50,'Технический лист'!$M:$N,2,1)-VLOOKUP($AO50,'Технический лист'!$M:$N,2,1)),1+(1-$AU50)) | EV50: 1 | EW50: =MIN(1,MAX(VLOOKUP(($AJ50-$AI50-$AH50-$AG50-$AF50-$AE50*(1+EW$3))/$AJ50,'Технический лист'!$M:$N,2,1),(EV50-0.05))) | EX50: =MIN(1,MAX(VLOOKUP(($AJ50-$AI50-$AH50-$AG50-$AF50-$AE50*(1+EX$3))/$AJ50,'Технический лист'!$M:$N,2,1),(EW50-0.05))) | EY50: =MIN(1,MAX(VLOOKUP(($AJ50-$AI50-$AH50-$AG50-$AF50-$AE50*(1+EY$3))/$AJ50,'Технический лист'!$M:$N,2,1),(EX50-0.05))) | EZ50: =MIN(1,MAX(VLOOKUP(($AJ50-$AI50-$AH50-$AG50-$AF50-$AE50*(1+EZ$3))/$AJ50,'Технический лист'!$M:$N,2,1),(EY50-0.05))) | FA50: =MIN(1,MAX(VLOOKUP(($AJ50-$AI50-$AH50-$AG50-$AF50-$AE50*(1+FA$3))/$AJ50,'Технический лист'!$M:$N,2,1),(EZ50-0.05))) | FB50: =MIN(1,MAX(VLOOKUP(($AJ50-$AI50-$AH50-$AG50-$AF50-$AE50*(1+FB$3))/$AJ50,'Технический лист'!$M:$N,2,1),(FA50-0.05))) | FC50: =MIN(1,MAX(VLOOKUP(($AJ50-$AI50-$AH50-$AG50-$AF50-$AE50*(1+FC$3))/$AJ50,'Технический лист'!$M:$N,2,1),(FB50-0.05))) | FD50: =MIN(1,MAX(VLOOKUP(($AJ50-$AI50-$AH50-$AG50-$AF50-$AE50*(1+FD$3))/$AJ50,'Технический лист'!$M:$N,2,1),(FC50-0.05))) | ... IR50: =MIN(1,MAX(VLOOKUP(($AJ50-$AI50-$AH50-$AG50-$AF50-$AE50*(1+IR$3))/$AJ50,'Технический лист'!$M:$N,2,1),(IQ50-0.05)))
A51: ЧМ (сырье) | B51: 4 | C51: Руды всякие | D51: 14111 | E51: Окатыши железорудные | F51: РУДЫ И КОНЦЕНТРАТЫ ЖЕЛЕЗН | G51: МСК | H51: ОКТ | I51: КУРБАКИНСКАЯ | J51: ЛУЖСКАЯ-ЭКСП | K51: 1687 | L51: Полувагоны | M51: Экспорт | N51: вагонная | O51: Северо-Западное | P51: '000077263371 | Q51: ООО УК "Металлоинвест" | R51: ООО УК "Металлоинвест" | S51: 544697 | T51: 919025137 | U51: 7808 | V51: 0 | W51: 536421896 | X51: 69 | Y51: маршрутная | Z51: 5 | AA51: 5 | AB51: 4 | AC51: 1091.67 | AD51: =AE51-AC51 | AE51: 1643.93 | AF51: =(Z51+AA51+AB51)*'Ставки аренды'!$B$3/X51 | AG51: ='Ставки перевалки'!$B$13 | AH51: 0 | AI51: =240828/411356*AVERAGE(AJ48,AJ49) | AJ51: =Цены!D13 | AK51: =AJ51/Цены!$B$1 | AL51: =AE51+AF51+AG51 | AM51: =AJ51-AL51 | AN51: =AI51+AH51+AG51+AF51+AE51 | AO51: =(AJ51-AN51)/AJ51 | AP51: =AL51/AJ51 | AQ51: =AE51/AJ51 | AR51: =AE51/AL51 | AS51: 1 | AT51: =S51*AS51 | AU51: 0.9 | AV51: =(AJ51-(AE51*(1+$IS$2)+AF51+AG51+AH51+AI51))/AJ51 | AW51: =(AE51*(1+$IS$2)+AF51+AG51)/AJ51 | AX51: =(AE51*(1+$IS$2))/AJ51 | AY51: =(AE51*(1+$IS$2))/(AE51*(1+$IS$2)+AF51+AG51) | AZ51: =MIN(IF($AU51=100%,1,1+VLOOKUP(($AJ51-$AI51-$AH51-$AG51-$AF51-$AE51*(1+AZ$3))/$AJ51,'Технический лист'!$M:$N,2,1)-VLOOKUP($AO51,'Технический лист'!$M:$N,2,1)),1+(1-$AU51)) | BA51: =MIN(IF($AU51=100%,1,1+VLOOKUP(($AJ51-$AI51-$AH51-$AG51-$AF51-$AE51*(1+BA$3))/$AJ51,'Технический лист'!$M:$N,2,1)-VLOOKUP($AO51,'Технический лист'!$M:$N,2,1)),1+(1-$AU51)) | BB51: =MIN(IF($AU51=100%,1,1+VLOOKUP(($AJ51-$AI51-$AH51-$AG51-$AF51-$AE51*(1+BB$3))/$AJ51,'Технический лист'!$M:$N,2,1)-VLOOKUP($AO51,'Технический лист'!$M:$N,2,1)),1+(1-$AU51)) | BC51: =MIN(IF($AU51=100%,1,1+VLOOKUP(($AJ51-$AI51-$AH51-$AG51-$AF51-$AE51*(1+BC$3))/$AJ51,'Технический лист'!$M:$N,2,1)-VLOOKUP($AO51,'Технический лист'!$M:$N,2,1)),1+(1-$AU51)) | BD51: =MIN(IF($AU51=100%,1,1+VLOOKUP(($AJ51-$AI51-$AH51-$AG51-$AF51-$AE51*(1+BD$3))/$AJ51,'Технический лист'!$M:$N,2,1)-VLOOKUP($AO51,'Технический лист'!$M:$N,2,1)),1+(1-$AU51)) | BE51: =MIN(IF($AU51=100%,1,1+VLOOKUP(($AJ51-$AI51-$AH51-$AG51-$AF51-$AE51*(1+BE$3))/$AJ51,'Технический лист'!$M:$N,2,1)-VLOOKUP($AO51,'Технический лист'!$M:$N,2,1)),1+(1-$AU51)) | BF51: =MIN(IF($AU51=100%,1,1+VLOOKUP(($AJ51-$AI51-$AH51-$AG51-$AF51-$AE51*(1+BF$3))/$AJ51,'Технический лист'!$M:$N,2,1)-VLOOKUP($AO51,'Технический лист'!$M:$N,2,1)),1+(1-$AU51)) | BG51: =MIN(IF($AU51=100%,1,1+VLOOKUP(($AJ51-$AI51-$AH51-$AG51-$AF51-$AE51*(1+BG$3))/$AJ51,'Технический лист'!$M:$N,2,1)-VLOOKUP($AO51,'Технический лист'!$M:$N,2,1)),1+(1-$AU51)) | ... EU51: =MIN(IF($AU51=100%,1,1+VLOOKUP(($AJ51-$AI51-$AH51-$AG51-$AF51-$AE51*(1+EU$3))/$AJ51,'Технический лист'!$M:$N,2,1)-VLOOKUP($AO51,'Технический лист'!$M:$N,2,1)),1+(1-$AU51)) | EV51: 1 | EW51: =MIN(1,MAX(VLOOKUP(($AJ51-$AI51-$AH51-$AG51-$AF51-$AE51*(1+EW$3))/$AJ51,'Технический лист'!$M:$N,2,1),(EV51-0.05))) | EX51: =MIN(1,MAX(VLOOKUP(($AJ51-$AI51-$AH51-$AG51-$AF51-$AE51*(1+EX$3))/$AJ51,'Технический лист'!$M:$N,2,1),(EW51-0.05))) | EY51: =MIN(1,MAX(VLOOKUP(($AJ51-$AI51-$AH51-$AG51-$AF51-$AE51*(1+EY$3))/$AJ51,'Технический лист'!$M:$N,2,1),(EX51-0.05))) | EZ51: =MIN(1,MAX(VLOOKUP(($AJ51-$AI51-$AH51-$AG51-$AF51-$AE51*(1+EZ$3))/$AJ51,'Технический лист'!$M:$N,2,1),(EY51-0.05))) | FA51: =MIN(1,MAX(VLOOKUP(($AJ51-$AI51-$AH51-$AG51-$AF51-$AE51*(1+FA$3))/$AJ51,'Технический лист'!$M:$N,2,1),(EZ51-0.05))) | FB51: =MIN(1,MAX(VLOOKUP(($AJ51-$AI51-$AH51-$AG51-$AF51-$AE51*(1+FB$3))/$AJ51,'Технический лист'!$M:$N,2,1),(FA51-0.05))) | FC51: =MIN(1,MAX(VLOOKUP(($AJ51-$AI51-$AH51-$AG51-$AF51-$AE51*(1+FC$3))/$AJ51,'Технический лист'!$M:$N,2,1),(FB51-0.05))) | FD51: =MIN(1,MAX(VLOOKUP(($AJ51-$AI51-$AH51-$AG51-$AF51-$AE51*(1+FD$3))/$AJ51,'Технический лист'!$M:$N,2,1),(FC51-0.05))) | ... IR51: =MIN(1,MAX(VLOOKUP(($AJ51-$AI51-$AH51-$AG51-$AF51-$AE51*(1+IR$3))/$AJ51,'Технический лист'!$M:$N,2,1),(IQ51-0.05)))
A52: ЧМ (сырье) | B52: 4 | C52: Руды всякие | D52: 14111 | E52: Окатыши железорудные | F52: РУДЫ И КОНЦЕНТРАТЫ ЖЕЛЕЗН | G52: МСК | H52: МСК | I52: КУРБАКИНСКАЯ | J52: ЯСНАЯ ПОЛЯНА | K52: 257 | L52: Полувагоны | M52: Внутр. перевозки | N52: вагонная | O52: Северо-Западное | P52: '000000186849 | Q52: 'АО "Михайловский ГОК" | R52: ООО УК "Металлоинвест" | S52: 423415 | T52: 108819046 | U52: 6072 | V52: 0 | W52: 136468943 | X52: 69 | Y52: маршрутная | Z52: 3 | AA52: 3 | AB52: 4 | AC52: 358.01 | AD52: =AE52-AC52 | AE52: 467.06 | AF52: =(Z52+AA52+AB52)*'Ставки аренды'!$B$3/X52 | AG52: 0 | AH52: 0 | AI52: =240828/411356*AVERAGE(AJ48,AJ49) | AJ52: =Цены!$D$12 | AK52: =AJ52/Цены!$B$1 | AL52: =AE52+AF52+AG52 | AM52: =AJ52-AL52 | AN52: =AI52+AH52+AG52+AF52+AE52 | AO52: =(AJ52-AN52)/AJ52 | AP52: =AL52/AJ52 | AQ52: =AE52/AJ52 | AR52: =AE52/AL52 | AS52: 1 | AT52: =S52*AS52 | AU52: 0.9 | AV52: =(AJ52-(AE52*(1+$IS$2)+AF52+AG52+AH52+AI52))/AJ52 | AW52: =(AE52*(1+$IS$2)+AF52+AG52)/AJ52 | AX52: =(AE52*(1+$IS$2))/AJ52 | AY52: =(AE52*(1+$IS$2))/(AE52*(1+$IS$2)+AF52+AG52) | AZ52: =MIN(IF($AU52=100%,1,1+VLOOKUP(($AJ52-$AI52-$AH52-$AG52-$AF52-$AE52*(1+AZ$3))/$AJ52,'Технический лист'!$M:$N,2,1)-VLOOKUP($AO52,'Технический лист'!$M:$N,2,1)),1+(1-$AU52)) | BA52: =MIN(IF($AU52=100%,1,1+VLOOKUP(($AJ52-$AI52-$AH52-$AG52-$AF52-$AE52*(1+BA$3))/$AJ52,'Технический лист'!$M:$N,2,1)-VLOOKUP($AO52,'Технический лист'!$M:$N,2,1)),1+(1-$AU52)) | BB52: =MIN(IF($AU52=100%,1,1+VLOOKUP(($AJ52-$AI52-$AH52-$AG52-$AF52-$AE52*(1+BB$3))/$AJ52,'Технический лист'!$M:$N,2,1)-VLOOKUP($AO52,'Технический лист'!$M:$N,2,1)),1+(1-$AU52)) | BC52: =MIN(IF($AU52=100%,1,1+VLOOKUP(($AJ52-$AI52-$AH52-$AG52-$AF52-$AE52*(1+BC$3))/$AJ52,'Технический лист'!$M:$N,2,1)-VLOOKUP($AO52,'Технический лист'!$M:$N,2,1)),1+(1-$AU52)) | BD52: =MIN(IF($AU52=100%,1,1+VLOOKUP(($AJ52-$AI52-$AH52-$AG52-$AF52-$AE52*(1+BD$3))/$AJ52,'Технический лист'!$M:$N,2,1)-VLOOKUP($AO52,'Технический лист'!$M:$N,2,1)),1+(1-$AU52)) | BE52: =MIN(IF($AU52=100%,1,1+VLOOKUP(($AJ52-$AI52-$AH52-$AG52-$AF52-$AE52*(1+BE$3))/$AJ52,'Технический лист'!$M:$N,2,1)-VLOOKUP($AO52,'Технический лист'!$M:$N,2,1)),1+(1-$AU52)) | BF52: =MIN(IF($AU52=100%,1,1+VLOOKUP(($AJ52-$AI52-$AH52-$AG52-$AF52-$AE52*(1+BF$3))/$AJ52,'Технический лист'!$M:$N,2,1)-VLOOKUP($AO52,'Технический лист'!$M:$N,2,1)),1+(1-$AU52)) | BG52: =MIN(IF($AU52=100%,1,1+VLOOKUP(($AJ52-$AI52-$AH52-$AG52-$AF52-$AE52*(1+BG$3))/$AJ52,'Технический лист'!$M:$N,2,1)-VLOOKUP($AO52,'Технический лист'!$M:$N,2,1)),1+(1-$AU52)) | ... EU52: =MIN(IF($AU52=100%,1,1+VLOOKUP(($AJ52-$AI52-$AH52-$AG52-$AF52-$AE52*(1+EU$3))/$AJ52,'Технический лист'!$M:$N,2,1)-VLOOKUP($AO52,'Технический лист'!$M:$N,2,1)),1+(1-$AU52)) | EV52: 1 | EW52: =MIN(1,MAX(VLOOKUP(($AJ52-$AI52-$AH52-$AG52-$AF52-$AE52*(1+EW$3))/$AJ52,'Технический лист'!$M:$N,2,1),(EV52-0.05))) | EX52: =MIN(1,MAX(VLOOKUP(($AJ52-$AI52-$AH52-$AG52-$AF52-$AE52*(1+EX$3))/$AJ52,'Технический лист'!$M:$N,2,1),(EW52-0.05))) | EY52: =MIN(1,MAX(VLOOKUP(($AJ52-$AI52-$AH52-$AG52-$AF52-$AE52*(1+EY$3))/$AJ52,'Технический лист'!$M:$N,2,1),(EX52-0.05))) | EZ52: =MIN(1,MAX(VLOOKUP(($AJ52-$AI52-$AH52-$AG52-$AF52-$AE52*(1+EZ$3))/$AJ52,'Технический лист'!$M:$N,2,1),(EY52-0.05))) | FA52: =MIN(1,MAX(VLOOKUP(($AJ52-$AI52-$AH52-$AG52-$AF52-$AE52*(1+FA$3))/$AJ52,'Технический лист'!$M:$N,2,1),(EZ52-0.05))) | FB52: =MIN(1,MAX(VLOOKUP(($AJ52-$AI52-$AH52-$AG52-$AF52-$AE52*(1+FB$3))/$AJ52,'Технический лист'!$M:$N,2,1),(FA52-0.05))) | FC52: =MIN(1,MAX(VLOOKUP(($AJ52-$AI52-$AH52-$AG52-$AF52-$AE52*(1+FC$3))/$AJ52,'Технический лист'!$M:$N,2,1),(FB52-0.05))) | FD52: =MIN(1,MAX(VLOOKUP(($AJ52-$AI52-$AH52-$AG52-$AF52-$AE52*(1+FD$3))/$AJ52,'Технический лист'!$M:$N,2,1),(FC52-0.05))) | ... IR52: =MIN(1,MAX(VLOOKUP(($AJ52-$AI52-$AH52-$AG52-$AF52-$AE52*(1+IR$3))/$AJ52,'Технический лист'!$M:$N,2,1),(IQ52-0.05)))
A53: ЧМ (сырье) | B53: 4 | C53: Руды всякие | D53: 14109 | E53: Концентрат железорудный (гематит) | F53: РУДЫ И КОНЦЕНТРАТЫ ЖЕЛЕЗН | G53: ЮВС | H53: ДВС | I53: СТОЙЛЕНСКАЯ | J53: ЧЕГДОМЫН | K53: 8116 | L53: Полувагоны | M53: Внутр. перевозки | N53: вагонная | O53: Восточное | P53: '000000186803 | Q53: 'АО "Лебединский ГОК" | R53: ООО УК "Металлоинвест" | S53: 26178 | T53: 212463085 | U53: 355 | V53: 0 | W53: 53168604 | X53: 73 | Y53: групповая | Z53: 22 | AA53: 16 | AB53: 4 | AC53: 2262.84 | AD53: =AE53-AC53 | AE53: 3374.56 | AF53: =(Z53+AA53+AB53)*'Ставки аренды'!$B$2/X53 | AG53: 0 | AH53: 0 | AI53: =240828/411356*AJ53 | AJ53: =Цены!$D$14 | AK53: =AJ53/Цены!$B$1 | AL53: =AE53+AF53+AG53 | AM53: =AJ53-AL53 | AN53: =AI53+AH53+AG53+AF53+AE53 | AO53: =(AJ53-AN53)/AJ53 | AP53: =AL53/AJ53 | AQ53: =AE53/AJ53 | AR53: =AE53/AL53 | AS53: 1 | AT53: =S53*AS53 | AU53: 0.9 | AV53: =(AJ53-(AE53*(1+$IS$2)+AF53+AG53+AH53+AI53))/AJ53 | AW53: =(AE53*(1+$IS$2)+AF53+AG53)/AJ53 | AX53: =(AE53*(1+$IS$2))/AJ53 | AY53: =(AE53*(1+$IS$2))/(AE53*(1+$IS$2)+AF53+AG53) | AZ53: =MIN(IF($AU53=100%,1,1+VLOOKUP(($AJ53-$AI53-$AH53-$AG53-$AF53-$AE53*(1+AZ$3))/$AJ53,'Технический лист'!$M:$N,2,1)-VLOOKUP($AO53,'Технический лист'!$M:$N,2,1)),1+(1-$AU53)) | BA53: =MIN(IF($AU53=100%,1,1+VLOOKUP(($AJ53-$AI53-$AH53-$AG53-$AF53-$AE53*(1+BA$3))/$AJ53,'Технический лист'!$M:$N,2,1)-VLOOKUP($AO53,'Технический лист'!$M:$N,2,1)),1+(1-$AU53)) | BB53: =MIN(IF($AU53=100%,1,1+VLOOKUP(($AJ53-$AI53-$AH53-$AG53-$AF53-$AE53*(1+BB$3))/$AJ53,'Технический лист'!$M:$N,2,1)-VLOOKUP($AO53,'Технический лист'!$M:$N,2,1)),1+(1-$AU53)) | BC53: =MIN(IF($AU53=100%,1,1+VLOOKUP(($AJ53-$AI53-$AH53-$AG53-$AF53-$AE53*(1+BC$3))/$AJ53,'Технический лист'!$M:$N,2,1)-VLOOKUP($AO53,'Технический лист'!$M:$N,2,1)),1+(1-$AU53)) | BD53: =MIN(IF($AU53=100%,1,1+VLOOKUP(($AJ53-$AI53-$AH53-$AG53-$AF53-$AE53*(1+BD$3))/$AJ53,'Технический лист'!$M:$N,2,1)-VLOOKUP($AO53,'Технический лист'!$M:$N,2,1)),1+(1-$AU53)) | BE53: =MIN(IF($AU53=100%,1,1+VLOOKUP(($AJ53-$AI53-$AH53-$AG53-$AF53-$AE53*(1+BE$3))/$AJ53,'Технический лист'!$M:$N,2,1)-VLOOKUP($AO53,'Технический лист'!$M:$N,2,1)),1+(1-$AU53)) | BF53: =MIN(IF($AU53=100%,1,1+VLOOKUP(($AJ53-$AI53-$AH53-$AG53-$AF53-$AE53*(1+BF$3))/$AJ53,'Технический лист'!$M:$N,2,1)-VLOOKUP($AO53,'Технический лист'!$M:$N,2,1)),1+(1-$AU53)) | BG53: =MIN(IF($AU53=100%,1,1+VLOOKUP(($AJ53-$AI53-$AH53-$AG53-$AF53-$AE53*(1+BG$3))/$AJ53,'Технический лист'!$M:$N,2,1)-VLOOKUP($AO53,'Технический лист'!$M:$N,2,1)),1+(1-$AU53)) | ... EU53: =MIN(IF($AU53=100%,1,1+VLOOKUP(($AJ53-$AI53-$AH53-$AG53-$AF53-$AE53*(1+EU$3))/$AJ53,'Технический лист'!$M:$N,2,1)-VLOOKUP($AO53,'Технический лист'!$M:$N,2,1)),1+(1-$AU53)) | EV53: 1 | EW53: =MIN(1,MAX(VLOOKUP(($AJ53-$AI53-$AH53-$AG53-$AF53-$AE53*(1+EW$3))/$AJ53,'Технический лист'!$M:$N,2,1),(EV53-0.05))) | EX53: =MIN(1,MAX(VLOOKUP(($AJ53-$AI53-$AH53-$AG53-$AF53-$AE53*(1+EX$3))/$AJ53,'Технический лист'!$M:$N,2,1),(EW53-0.05))) | EY53: =MIN(1,MAX(VLOOKUP(($AJ53-$AI53-$AH53-$AG53-$AF53-$AE53*(1+EY$3))/$AJ53,'Технический лист'!$M:$N,2,1),(EX53-0.05))) | EZ53: =MIN(1,MAX(VLOOKUP(($AJ53-$AI53-$AH53-$AG53-$AF53-$AE53*(1+EZ$3))/$AJ53,'Технический лист'!$M:$N,2,1),(EY53-0.05))) | FA53: =MIN(1,MAX(VLOOKUP(($AJ53-$AI53-$AH53-$AG53-$AF53-$AE53*(1+FA$3))/$AJ53,'Технический лист'!$M:$N,2,1),(EZ53-0.05))) | FB53: =MIN(1,MAX(VLOOKUP(($AJ53-$AI53-$AH53-$AG53-$AF53-$AE53*(1+FB$3))/$AJ53,'Технический лист'!$M:$N,2,1),(FA53-0.05))) | FC53: =MIN(1,MAX(VLOOKUP(($AJ53-$AI53-$AH53-$AG53-$AF53-$AE53*(1+FC$3))/$AJ53,'Технический лист'!$M:$N,2,1),(FB53-0.05))) | FD53: =MIN(1,MAX(VLOOKUP(($AJ53-$AI53-$AH53-$AG53-$AF53-$AE53*(1+FD$3))/$AJ53,'Технический лист'!$M:$N,2,1),(FC53-0.05))) | ... IR53: =MIN(1,MAX(VLOOKUP(($AJ53-$AI53-$AH53-$AG53-$AF53-$AE53*(1+IR$3))/$AJ53,'Технический лист'!$M:$N,2,1),(IQ53-0.05)))
A54: ЧМ (сырье) | B54: 4 | C54: Руды всякие | D54: 14109 | E54: Концентрат железорудный (гематит) | F54: РУДЫ И КОНЦЕНТРАТЫ ЖЕЛЕЗН | G54: ЮВС | H54: МСК | I54: ГУБКИН | J54: ПРИСАДЫ | K54: 482 | L54: Полувагоны | M54: Внутр. перевозки | N54: вагонная | O54: Северо-Западное | P54: '000000186813 | Q54: 'АО "Комбинат КМАруда" | R54: ООО "УК"ПМХ" | S54: 2461888 | T54: 1185978169 | U54: 34380 | V54: 0 | W54: 1015595636 | X54: 69 | Y54: маршрутная | Z54: 3 | AA54: 3 | AB54: 4 | AC54: 482.55 | AD54: =AE54-AC54 | AE54: 662.33 | AF54: =(Z54+AA54+AB54)*'Ставки аренды'!$B$3/X54 | AG54: 0 | AH54: 0 | AI54: =0.8*AJ54 | AJ54: =Цены!$D$14 | AK54: =AJ54/Цены!$B$1 | AL54: =AE54+AF54+AG54 | AM54: =AJ54-AL54 | AN54: =AI54+AH54+AG54+AF54+AE54 | AO54: =(AJ54-AN54)/AJ54 | AP54: =AL54/AJ54 | AQ54: =AE54/AJ54 | AR54: =AE54/AL54 | AS54: 1 | AT54: =S54*AS54 | AU54: Внутренняя логистика | AV54: =(AJ54-(AE54*(1+$IS$2)+AF54+AG54+AH54+AI54))/AJ54 | AW54: =(AE54*(1+$IS$2)+AF54+AG54)/AJ54 | AX54: =(AE54*(1+$IS$2))/AJ54 | AY54: =(AE54*(1+$IS$2))/(AE54*(1+$IS$2)+AF54+AG54) | AZ54: 1 | BA54: 1 | BB54: 1 | BC54: 1 | BD54: 1 | BE54: 1 | BF54: 1 | BG54: 1 | BH54: 1 | BI54: 1 | BJ54: 1 | BK54: 1 | BL54: 1 | BM54: 1 | BN54: 1 | BO54: 1 | BP54: 1 | BQ54: 1 | BR54: 1 | BS54: 1 | BT54: 1 | BU54: 1 | BV54: 1 | BW54: 1 | BX54: 1 | BY54: 1 | BZ54: 1 | CA54: 1 | CB54: 1 | CC54: 1 | CD54: 1 | CE54: 1 | CF54: 1 | CG54: 1 | CH54: 1 | CI54: 1 | CJ54: 1 | CK54: 1 | CL54: 1 | CM54: 1 | CN54: 1 | CO54: 1 | CP54: 1 | CQ54: 1 | CR54: 1 | CS54: 1 | CT54: 1 | CU54: 1 | CV54: 1 | CW54: 1 | CX54: 1 | CY54: 1 | CZ54: 1 | DA54: 1 | DB54: 1 | DC54: 1 | DD54: 1 | DE54: 1 | DF54: 1 | DG54: 1 | DH54: 1 | DI54: 1 | DJ54: 1 | DK54: 1 | DL54: 1 | DM54: 1 | DN54: 1 | DO54: 1 | DP54: 1 | DQ54: 1 | DR54: 1 | DS54: 1 | DT54: 1 | DU54: 1 | DV54: 1 | DW54: 1 | DX54: 1 | DY54: 1 | DZ54: 1 | EA54: 1 | EB54: 1 | EC54: 1 | ED54: 1 | EE54: 1 | EF54: 1 | EG54: 1 | EH54: 1 | EI54: 1 | EJ54: 1 | EK54: 1 | EL54: 1 | EM54: 1 | EN54: 1 | EO54: 1 | EP54: 1 | EQ54: 1 | ER54: 1 | ES54: 1 | ET54: 1 | EU54: 1 | EV54: 1 | EW54: 1 | EX54: 1 | EY54: 1 | EZ54: 1 | FA54: 1 | FB54: 1 | FC54: 1 | FD54: 1 | FE54: 1 | FF54: 1 | FG54: 1 | FH54: 1 | FI54: 1 | FJ54: 1 | FK54: 1 | FL54: 1 | FM54: 1 | FN54: 1 | FO54: 1 | FP54: 1 | FQ54: 1 | FR54: 1 | FS54: 1 | FT54: 1 | FU54: 1 | FV54: 1 | FW54: 1 | FX54: 1 | FY54: 1 | FZ54: 1 | GA54: 1 | GB54: 1 | GC54: 1 | GD54: 1 | GE54: 1 | GF54: 1 | GG54: 1 | GH54: 1 | GI54: 1 | GJ54: 1 | GK54: 1 | GL54: 1 | GM54: 1 | GN54: 1 | GO54: 1 | GP54: 1 | GQ54: 1 | GR54: 1 | GS54: 1 | GT54: 1 | GU54: 1 | GV54: 1 | GW54: 1 | GX54: 1 | GY54: 1 | GZ54: 1 | HA54: 1 | HB54: 1 | HC54: 1 | HD54: 1 | HE54: 1 | HF54: 1 | HG54: 1 | HH54: 1 | HI54: 1 | HJ54: 1 | HK54: 1 | HL54: 1 | HM54: 1 | HN54: 1 | HO54: 1 | HP54: 1 | HQ54: 1 | HR54: 1 | HS54: 1 | HT54: 1 | HU54: 1 | HV54: 1 | HW54: 1 | HX54: 1 | HY54: 1 | HZ54: 1 | IA54: 1 | IB54: 1 | IC54: 1 | ID54: 1 | IE54: 1 | IF54: 1 | IG54: 1 | IH54: 1 | II54: 1 | IJ54: 1 | IK54: 1 | IL54: 1 | IM54: 1 | IN54: 1 | IO54: 1 | IP54: 1 | IQ54: 1 | IR54: 1
A55: ЧМ (сырье) | B55: 4 | C55: Руды всякие | D55: 14109 | E55: Концентрат железорудный (гематит) | F55: РУДЫ И КОНЦЕНТРАТЫ ЖЕЛЕЗН | G55: ЗАБ | H55: ЗАБ | I55: БОРЗЯ | J55: ЗАБАЙКАЛ ЭК | K55: 119 | L55: Полувагоны | M55: Экспорт | N55: вагонная | O55: Восточное | P55: '000055103129 | Q55: ПАО "ГМК "Норильский никель" | R55: ПАО "ГМК "Норильский никель" | S55: 869797 | T55: 103507397 | U55: 12538 | V55: 0 | W55: 192628336 | X55: 69 | Y55: маршрутная | Z55: 2 | AA55: 1 | AB55: 4 | AC55: 247.06 | AD55: =AE55-AC55 | AE55: 298.39 | AF55: =(Z55+AA55+AB55)*'Ставки аренды'!$B$3/X55 | AG55: 0 | AH55: 0 | AI55: =575152/1082467*AJ55 | AJ55: =Цены!C15*'Курсы валют'!B2 | AK55: =AJ55/Цены!$B$1 | AL55: =AE55+AF55+AG55 | AM55: =AJ55-AL55 | AN55: =AI55+AH55+AG55+AF55+AE55 | AO55: =(AJ55-AN55)/AJ55 | AP55: =AL55/AJ55 | AQ55: =AE55/AJ55 | AR55: =AE55/AL55 | AS55: 1 | AT55: =S55*AS55 | AU55: 0.9 | AV55: =(AJ55-(AE55*(1+$IS$2)+AF55+AG55+AH55+AI55))/AJ55 | AW55: =(AE55*(1+$IS$2)+AF55+AG55)/AJ55 | AX55: =(AE55*(1+$IS$2))/AJ55 | AY55: =(AE55*(1+$IS$2))/(AE55*(1+$IS$2)+AF55+AG55) | AZ55: =MIN(IF($AU55=100%,1,1+VLOOKUP(($AJ55-$AI55-$AH55-$AG55-$AF55-$AE55*(1+AZ$3))/$AJ55,'Технический лист'!$M:$N,2,1)-VLOOKUP($AO55,'Технический лист'!$M:$N,2,1)),1+(1-$AU55)) | BA55: =MIN(IF($AU55=100%,1,1+VLOOKUP(($AJ55-$AI55-$AH55-$AG55-$AF55-$AE55*(1+BA$3))/$AJ55,'Технический лист'!$M:$N,2,1)-VLOOKUP($AO55,'Технический лист'!$M:$N,2,1)),1+(1-$AU55)) | BB55: =MIN(IF($AU55=100%,1,1+VLOOKUP(($AJ55-$AI55-$AH55-$AG55-$AF55-$AE55*(1+BB$3))/$AJ55,'Технический лист'!$M:$N,2,1)-VLOOKUP($AO55,'Технический лист'!$M:$N,2,1)),1+(1-$AU55)) | BC55: =MIN(IF($AU55=100%,1,1+VLOOKUP(($AJ55-$AI55-$AH55-$AG55-$AF55-$AE55*(1+BC$3))/$AJ55,'Технический лист'!$M:$N,2,1)-VLOOKUP($AO55,'Технический лист'!$M:$N,2,1)),1+(1-$AU55)) | BD55: =MIN(IF($AU55=100%,1,1+VLOOKUP(($AJ55-$AI55-$AH55-$AG55-$AF55-$AE55*(1+BD$3))/$AJ55,'Технический лист'!$M:$N,2,1)-VLOOKUP($AO55,'Технический лист'!$M:$N,2,1)),1+(1-$AU55)) | BE55: =MIN(IF($AU55=100%,1,1+VLOOKUP(($AJ55-$AI55-$AH55-$AG55-$AF55-$AE55*(1+BE$3))/$AJ55,'Технический лист'!$M:$N,2,1)-VLOOKUP($AO55,'Технический лист'!$M:$N,2,1)),1+(1-$AU55)) | BF55: =MIN(IF($AU55=100%,1,1+VLOOKUP(($AJ55-$AI55-$AH55-$AG55-$AF55-$AE55*(1+BF$3))/$AJ55,'Технический лист'!$M:$N,2,1)-VLOOKUP($AO55,'Технический лист'!$M:$N,2,1)),1+(1-$AU55)) | BG55: =MIN(IF($AU55=100%,1,1+VLOOKUP(($AJ55-$AI55-$AH55-$AG55-$AF55-$AE55*(1+BG$3))/$AJ55,'Технический лист'!$M:$N,2,1)-VLOOKUP($AO55,'Технический лист'!$M:$N,2,1)),1+(1-$AU55)) | ... EU55: =MIN(IF($AU55=100%,1,1+VLOOKUP(($AJ55-$AI55-$AH55-$AG55-$AF55-$AE55*(1+EU$3))/$AJ55,'Технический лист'!$M:$N,2,1)-VLOOKUP($AO55,'Технический лист'!$M:$N,2,1)),1+(1-$AU55)) | EV55: 1 | EW55: =MIN(1,MAX(VLOOKUP(($AJ55-$AI55-$AH55-$AG55-$AF55-$AE55*(1+EW$3))/$AJ55,'Технический лист'!$M:$N,2,1),(EV55-0.05))) | EX55: =MIN(1,MAX(VLOOKUP(($AJ55-$AI55-$AH55-$AG55-$AF55-$AE55*(1+EX$3))/$AJ55,'Технический лист'!$M:$N,2,1),(EW55-0.05))) | EY55: =MIN(1,MAX(VLOOKUP(($AJ55-$AI55-$AH55-$AG55-$AF55-$AE55*(1+EY$3))/$AJ55,'Технический лист'!$M:$N,2,1),(EX55-0.05))) | EZ55: =MIN(1,MAX(VLOOKUP(($AJ55-$AI55-$AH55-$AG55-$AF55-$AE55*(1+EZ$3))/$AJ55,'Технический лист'!$M:$N,2,1),(EY55-0.05))) | FA55: =MIN(1,MAX(VLOOKUP(($AJ55-$AI55-$AH55-$AG55-$AF55-$AE55*(1+FA$3))/$AJ55,'Технический лист'!$M:$N,2,1),(EZ55-0.05))) | FB55: =MIN(1,MAX(VLOOKUP(($AJ55-$AI55-$AH55-$AG55-$AF55-$AE55*(1+FB$3))/$AJ55,'Технический лист'!$M:$N,2,1),(FA55-0.05))) | FC55: =MIN(1,MAX(VLOOKUP(($AJ55-$AI55-$AH55-$AG55-$AF55-$AE55*(1+FC$3))/$AJ55,'Технический лист'!$M:$N,2,1),(FB55-0.05))) | FD55: =MIN(1,MAX(VLOOKUP(($AJ55-$AI55-$AH55-$AG55-$AF55-$AE55*(1+FD$3))/$AJ55,'Технический лист'!$M:$N,2,1),(FC55-0.05))) | ... IR55: =MIN(1,MAX(VLOOKUP(($AJ55-$AI55-$AH55-$AG55-$AF55-$AE55*(1+IR$3))/$AJ55,'Технический лист'!$M:$N,2,1),(IQ55-0.05)))
